Iteration,Top5Similarity,Max Comp,Min Comp,Centroids_saturation_high,Centroids_saturation_medium,Centroids_saturation_low,Random,LHS,K-Means,Farthest,ODAL,K-Center,Random+Top5Similarity,Random+Max Comp,Random+Min Comp,Random+Centroids_saturation_high,Random+Centroids_saturation_medium,Random+Centroids_saturation_low,Random+LHS,Random+K-Means,Random+Farthest,Random+ODAL,Random+K-Center
0,0.0723435405551931,0.0750459309786604,0.08161654610058168,0.05537864786231852,0.056981195816462736,0.05795691642486554,0.042903567302869094,0.05410412212170131,0.05492913525187907,0.028863797122072272,0.08392060869392029,0.028928619429762176,0.030337428754375832,0.024984346563564706,0.031889920504988775,0.02709215139375673,0.026222323206537605,0.027629395424732278,0.025895903893917622,0.03456583023274114,0.02334307719222354,0.03121214002701355,0.0244798384175943
1,0.0473018442127462,0.0285038027883898,0.021575637939586,0.03566128308105241,0.03393741313416014,0.03617827472707585,0.03541508564563244,0.04349448844988343,0.04992591400182271,0.028318031477442974,0.05460693575198514,0.028019624359525503,0.02552434604440425,0.02225746694974319,0.02514831387043879,0.02476563436052568,0.023895503021727,0.02569136417544631,0.02210148024558009,0.030486683820528448,0.02375906833128561,0.02429413426704071,0.02365789884495969
2,0.04113781412948591,0.027275667179007902,0.0229465359683203,0.0325148919602616,0.033052277135290034,0.03465821321941423,0.027201950159606296,0.03169065612562473,0.048039857864720995,0.027656921722954503,0.030539299427933847,0.02741312226465244,0.02367740345410126,0.022913805001733102,0.02582090446441812,0.022951578585921707,0.02302478611712141,0.024785614681663726,0.02157380045211,0.02327762182234241,0.02407492164155751,0.024231268911205472,0.02357001595599764
3,0.0405174711421794,0.0218645495293118,0.0257029459548822,0.03526197212458777,0.035946667771654346,0.03668135207588012,0.027787896885494944,0.0316512493483592,0.04950703808620073,0.027833103108476163,0.03236425437947727,0.02658344523178362,0.02385725874198191,0.02311421190734726,0.026539767121754175,0.023233078806518502,0.02312785158237913,0.02412692443042424,0.02100152565686314,0.01976158232062693,0.02445677814248936,0.023856349884489182,0.0237984126820796
4,0.039666149304584,0.022091091835340103,0.0300660575559058,0.036114941205529355,0.03645386087989583,0.03674567558815435,0.027604021115879597,0.03163104102902832,0.050048700120621924,0.02769611871320592,0.032837982823644765,0.02677463469062283,0.02517669939297578,0.02406161884544419,0.026535706807803976,0.023565275883504183,0.02380278803688323,0.02453081082508796,0.021350774749640623,0.01892572269930549,0.02411484670567397,0.02433597084657117,0.023405455399546072
5,0.038553390149240994,0.022046348579021498,0.03285337151698049,0.03689805135652548,0.0367523810580475,0.03635760406904639,0.029140215829475357,0.03206855330096815,0.049473440839638144,0.02684244089357713,0.033182969632652506,0.026816281053816317,0.025523153728216702,0.02404204269376661,0.027768473576846087,0.02373342006727336,0.024140357671162314,0.0247097211356535,0.021591326952873937,0.01901700267838447,0.02375188941363615,0.02477044796514848,0.02438446534982813
6,0.038381131575403196,0.0225848943206049,0.031025704016886903,0.03627662910765921,0.035657559969808905,0.03642165457223811,0.02989608044600489,0.032144918660296465,0.04939116635794315,0.0269925693732878,0.03385292397761176,0.027451626035553466,0.025729015282374902,0.02401705781433739,0.026372815276569463,0.02405406469525325,0.024326607339272322,0.025124788221943077,0.021710105285344453,0.017459651167657624,0.02396625128612758,0.025027716418113514,0.02420331192303566
7,0.038565542700976604,0.0241905580808788,0.03329835114604661,0.035710797207919164,0.0347642032300362,0.03632009899725316,0.030570928965525178,0.03234962243842427,0.040837662572121326,0.02668456825796458,0.03415950950082746,0.02757486690267789,0.025493036635954668,0.024029452584487642,0.02628846241757351,0.024194666868240823,0.02478432932727866,0.025510461520071588,0.02167603665150175,0.017121612810939813,0.023207460105557656,0.025550738660146705,0.02351205780273007
8,0.0383855355244837,0.0236530714326306,0.0312849589709862,0.03576076492413943,0.03536467746740233,0.03647387448920868,0.030614059239363205,0.03208213571252423,0.0407992605737509,0.02682748749027188,0.030820231631819628,0.026885155793574422,0.025662849567797397,0.024142616156779623,0.025156753176306453,0.024350168340302902,0.02461631543820084,0.025225708512061663,0.021824236901108712,0.01590534139514464,0.02205255335278225,0.02578568727849801,0.023193160458454327
9,0.038451311203584596,0.023501580017086698,0.031176223873104904,0.03348676763640901,0.035796368831534434,0.0365054575482786,0.030905461268727834,0.03253221018886426,0.040461911725773334,0.02671229400991702,0.030544492274159712,0.027001311251857396,0.02586160481729744,0.02402863972577585,0.02450856789731978,0.02119988683395635,0.02415745887191842,0.025047897987098593,0.02142419175414863,0.01515746569597474,0.0213985249708738,0.025636555110498598,0.02268614570973717
10,0.04096600975473551,0.0235364781823702,0.031237192451095,0.03296501488618937,0.03678694532731717,0.03670883257651223,0.030443940190494245,0.032364022468895484,0.0394884479909133,0.026828755990512237,0.02842321744085361,0.026665028385447386,0.0246847786701182,0.02337532105973629,0.02313801275471087,0.02080555290159224,0.02221626903239569,0.02478946684928276,0.021383630199376807,0.012636790966612101,0.02045102420714382,0.02496466137118152,0.022238925205138118
11,0.041415476114113,0.023358224776119204,0.03155764056711761,0.033353349410855104,0.03565368288552461,0.03672069260535278,0.029955123500339898,0.03257552849923793,0.03878233649692076,0.025721792975524627,0.028742768282193992,0.02578538112147501,0.02417068105654651,0.023550238104476005,0.02253851397273262,0.01949823195999463,0.02230096495952754,0.021894566778493153,0.020940370135022993,0.01208612961833968,0.019709067229031242,0.02450626585699384,0.02008627593248414
12,0.040182311222674696,0.023372191528176996,0.031456828793601795,0.03100738633752132,0.03437916471369123,0.03601271274086883,0.029939921026326366,0.030851672607343106,0.03850115694671043,0.025805589125529087,0.02874162684211376,0.02558700136561074,0.02412103665413489,0.02360619515338355,0.02177189127397274,0.019136776856611186,0.022038160136036898,0.021571051401083282,0.019938030916500427,0.0117722940833861,0.01906751732213793,0.02496980689186673,0.01909521769159987
13,0.0401871459779628,0.0248461455224043,0.0263160046302982,0.030632576675628964,0.0339825119305037,0.03599611356679813,0.02954600461901751,0.03117652179313511,0.03833881411434824,0.025090070850293633,0.028482312168048224,0.02556231972190185,0.0243169636572746,0.02236977517221443,0.019885561915172167,0.01817303558110564,0.02154740531717247,0.02108283063668885,0.01949301924820064,0.01084883540361031,0.018767216471247856,0.02280510825658349,0.01782752454897012
14,0.04044849829894181,0.0245264339820466,0.0194118632750411,0.0307056976752433,0.033781966539201055,0.036052456313184815,0.029495472451054622,0.030975827562673496,0.03817533585101893,0.024635794182477612,0.02854054882654446,0.024674719102521288,0.02368376622155431,0.021056017432215208,0.01929792138687305,0.018012930357290353,0.021254644877116948,0.02090416074516004,0.018763440763855898,0.01054128908093846,0.01812556492322711,0.022586869037246084,0.01661096019908451
15,0.04054406714580121,0.0244082810453933,0.0141200581160521,0.030558486531179853,0.03370750028500387,0.03610509079771386,0.029473122361064464,0.031183159528510702,0.03800812129410796,0.024331990541313023,0.028516192039726114,0.02431900059576268,0.023299453521371617,0.02041274945864582,0.018913689952779658,0.01790091909487188,0.021029641466977,0.02067253772855252,0.0187013121878142,0.00974834783500764,0.01743678453757495,0.022039834850239783,0.015923448403579257
16,0.040526672573869306,0.023718497133833897,0.014111617840170402,0.030476453932193587,0.03374495777056789,0.036135171780618196,0.029072997578137128,0.0308013878620561,0.038169829291992155,0.023551558122933896,0.027604026865780163,0.02348860074290324,0.022751151194911903,0.01994070512669229,0.018316165561870247,0.01720708955675746,0.02055425423373012,0.020799255599834594,0.01846531391907584,0.008934664829251579,0.01712021591001508,0.020420441723040535,0.013942998687829203
17,0.040528827969283594,0.0234814163711152,0.010425179062351799,0.03047348637966969,0.03355798718254319,0.03618960938114922,0.029157445264450476,0.03042328723820254,0.038028044026850304,0.02253938901777296,0.027093781760096032,0.02273811602901052,0.02218671662730459,0.019631722198434863,0.01761661183439479,0.01657692495954865,0.01997283148447628,0.02022426434055582,0.017919080140724943,0.008376879242386379,0.016505970999101376,0.01983033441561421,0.01300102211369904
18,0.0401367203759519,0.024295151329785904,0.0102321135916731,0.027615920658426017,0.03345125321948035,0.03635997586898724,0.02832796344667895,0.03072906175569155,0.0375792683944398,0.02169355593907815,0.02695864878211718,0.021977347482229688,0.02221456539584995,0.01908614390922532,0.017422085213435103,0.016068888779329483,0.01936510626719929,0.01984010745060288,0.01693028285632524,0.008074920418430512,0.014979757238135391,0.01896045929403089,0.01241853060535102
19,0.040139580307867004,0.024205897383606297,0.0099206212579922,0.02478229003233231,0.03338409477808954,0.03640305529357465,0.027991044622995016,0.029826773831533388,0.03757565148097507,0.02082516228590913,0.026850039379818492,0.021353584597429906,0.02197796944632002,0.01872470107624123,0.017035646702935524,0.015954760919478922,0.018887397293599943,0.01964503393269628,0.016320656888336022,0.00753275587415634,0.014586693812350032,0.01865971442622182,0.01192122547786095
20,0.037571858394498794,0.025546539243103204,0.010102572655723502,0.02465598251841371,0.03303544668063491,0.03612608520933419,0.027584063518310296,0.02957418849907984,0.037488336851306106,0.020257357870321988,0.026410617363624173,0.02040003044716981,0.021450928321034218,0.0179193194990769,0.014093422537523891,0.01567918201727649,0.01876748493345575,0.01943698166998874,0.015391591640728054,0.006880761075738939,0.01413132765737351,0.01828415084643669,0.01158133528549363
21,0.036899939374580595,0.025494706498880103,0.0100364889831816,0.02429534564995202,0.03287130532326677,0.036100135259611726,0.026860263956531384,0.028665751763914914,0.03750058864064329,0.019858686424043055,0.025338731939875753,0.0178706409697651,0.019966837362341262,0.01760475148342299,0.0140630687656145,0.01565612158141175,0.01850394587814181,0.019337212443918887,0.015307582280041601,0.00656435215339866,0.013490328122084741,0.017962757601111882,0.011399437967476379
22,0.0367979426910029,0.026689374017899108,0.009584264078885798,0.02411512963809013,0.03282944362374196,0.03611378969727611,0.026631836125567448,0.02771747312058979,0.03752281008507262,0.01946594424770808,0.02497451548524196,0.01673219488795048,0.01929807911758798,0.016054049749766357,0.013886695896094592,0.015592903393505959,0.018293685831325648,0.019128199197148515,0.014820622411684529,0.006289107969494359,0.01343260392725582,0.017643271595465863,0.01101007077456015
23,0.0366908704907476,0.027585462926528297,0.009109134652147102,0.02372410952729078,0.03266210330389666,0.03615236822326518,0.026596256296147803,0.027557924344136453,0.03750492418189579,0.019238435989212148,0.024816363488648602,0.015722542081506,0.01854870343170647,0.015627109493642332,0.01375964037669311,0.01522369742776323,0.01789939109331594,0.018982058488689352,0.014425188187048632,0.006081732447290009,0.01325602000862117,0.01754681491146522,0.01087470402955019
24,0.0374567222186511,0.027496457358752703,0.009162285944653698,0.02371569723386322,0.032689952634678845,0.03618705275524901,0.02651666174627822,0.02690520890114371,0.03743467996621237,0.01886347217520739,0.02428039921279585,0.0152420157872624,0.018456277192462272,0.01496719462559103,0.013490483708735082,0.01499427534420771,0.01774528820351777,0.01886371334446085,0.014203116132789021,0.0057831385476797,0.012973624761246621,0.01693128329310395,0.01070887657198331
25,0.0373209074468857,0.027123410680550693,0.009176106403549501,0.02362677819283105,0.032804326451938856,0.03624627529108132,0.025852090354015873,0.026399077260700527,0.03728830978040535,0.018621582500058673,0.02406327123040824,0.014833000627359389,0.01814857315239466,0.014757229096015368,0.013172630469399921,0.01474490485016979,0.01748575668155027,0.01846015405103456,0.01395129824603602,0.0055380904433555995,0.012796445457965691,0.016823869991413408,0.01051463683624056
26,0.0370743058670694,0.0261260351505088,0.008626326836116699,0.02360133347248667,0.03290529146906297,0.036100037274737644,0.02532605399707974,0.026279189224192374,0.03697516637419356,0.01845401240304991,0.023987840934335123,0.014552138595567272,0.0179792993574871,0.0146365628643871,0.012827893655812573,0.01462639511306261,0.017355230934909753,0.018259531523314287,0.014026975678045742,0.00537731432789675,0.012748246109803948,0.01673954578755531,0.010274285567286422
27,0.0369284423925621,0.026701395882615893,0.007063970259206799,0.023325049407242004,0.03264018122823943,0.0360792522726756,0.024220280492929503,0.02619705966320316,0.03681463050194795,0.018281157776815302,0.02386159043346174,0.014294443729236758,0.01789149413803871,0.01422232097573097,0.012680295427973401,0.01459495451425566,0.017136447978724486,0.01825628517528383,0.01371744896047152,0.005282208971900299,0.01256635065546306,0.0164746512684535,0.01000860656865015
28,0.0368690508621311,0.026635651629841904,0.0070929603773603,0.02327934602736841,0.03266425125768711,0.03606005380827544,0.02388895086695505,0.02595147287025702,0.03716048591682316,0.01792580570458337,0.02351083692244913,0.014150729861327049,0.01755359759877038,0.014100615806150161,0.012577257786762618,0.01449875724214943,0.0171531766753429,0.01813690385305487,0.01371239943508376,0.00506744723285956,0.012354547222489142,0.016434741378277377,0.00971939749510248
29,0.03682002204776259,0.0265398355687615,0.006829964603032699,0.023063892406302793,0.03258071637253654,0.03576050409436103,0.023626684635360183,0.02590188999431387,0.037166678876661606,0.01781283091070261,0.023339381134979128,0.01397293548604423,0.01740686745445969,0.014003454488800951,0.012453039037714119,0.01149355178234125,0.01686865930944028,0.01806330483285811,0.01353469423034329,0.0049529511266033,0.01216573522393464,0.01626263638119369,0.00955297599407995
30,0.036154781553807594,0.0265530289903299,0.006874412368136502,0.02297379475590759,0.03248763454079699,0.035761755939089215,0.023446198585355384,0.02583930385390169,0.0377239650758593,0.01759870652812092,0.02318556208543317,0.013842065363420492,0.01720594077953606,0.01381123300201656,0.012162422608143769,0.01136465964393194,0.016678177684824554,0.017916585858784,0.013456563703033017,0.004825200349377731,0.012153862004670642,0.01626681739238873,0.00944693199247933
31,0.03609336515725141,0.026676975063111792,0.006414115738090599,0.022913134196635494,0.03249053255875124,0.035905076319368,0.023248807972575454,0.024352399437029944,0.037631828957508016,0.017327188627910488,0.023091566885258125,0.0136508805370782,0.017096542469022268,0.013627645927996552,0.01199516029686486,0.011234386360563422,0.016374273422011622,0.01765115434255953,0.013306066625882452,0.00464009857864855,0.01201367159059475,0.01621479006970522,0.009229512178314981
32,0.035948021443773195,0.026738592109285204,0.0064028921623618,0.02272896564115961,0.03219990373404232,0.03578847136796595,0.023196938733372068,0.024017133802965798,0.03765844033782328,0.017114055256161578,0.02313288537790888,0.013272532827526561,0.016912173518547898,0.01336071552375723,0.01187617002758352,0.01115397477840213,0.01616583500599781,0.017682890048908488,0.0131616412714953,0.00459267303945274,0.01184222583396922,0.01606017002509552,0.00909471557637999
33,0.035803953285707006,0.0264908322755781,0.006361186637778399,0.022722180198369874,0.03211260334192839,0.035714476309978385,0.022878475387223148,0.02379439931583595,0.03796095118500472,0.01691172262422778,0.023020116500262304,0.01313482347384599,0.01678590569971545,0.01339111083245457,0.01178197560218081,0.010930139165938749,0.01601173447383395,0.017388465291240378,0.012994864780735688,0.00453467473385772,0.01172732167243281,0.01589068722600611,0.00890366732648422
34,0.03585364711828381,0.026414651163870102,0.0061418541000171,0.02262361462073209,0.03210214874667098,0.035549905067004665,0.02274130399223602,0.0236841846663434,0.03817609992399841,0.01689434318122142,0.022979314440867378,0.01300252948798945,0.01655121177093183,0.01327750220128908,0.011632753440791958,0.01080683320719836,0.01592954150805189,0.0171399933281084,0.012708479899297489,0.00444035059269029,0.01161767119495405,0.01577382688712996,0.00878511185774502
35,0.03585611245438059,0.026520805446273298,0.0061275575290443,0.022517057325120125,0.0317575319065032,0.03535375854956874,0.022607896422465197,0.0234995243997004,0.03821071084653195,0.01669182650911122,0.022638722859973776,0.012863718927971479,0.016446226259654802,0.013164261055501619,0.011564028756124948,0.01075835487946791,0.01560210303682913,0.0140016420158978,0.013552155460243001,0.004390335341400539,0.011461048726672978,0.01569243817053679,0.008741955811177569
36,0.0358203413815698,0.026521005996856105,0.005626909318903701,0.02251128373812524,0.03179670462555697,0.0352536133042737,0.022337857023202682,0.02333943785626736,0.038171957912190885,0.01660114766951523,0.0225419007295161,0.012657368645166528,0.016174491331089558,0.012994232071596801,0.011412256492685208,0.01059195709655891,0.015486935626175372,0.013800915642418051,0.01354181359207998,0.00438942168034103,0.011362291839765597,0.01557818920019774,0.00860077374874888
37,0.03570823321331511,0.026316109464237396,0.004233262599345299,0.022326539871498418,0.03210111591564772,0.03510519047049778,0.02246441011354516,0.023065600871027832,0.038099590260008934,0.01645760436386369,0.022332235372679,0.013293880922144223,0.01602826896503775,0.01290562006295875,0.0112372906732553,0.01042504362821545,0.015453396579359083,0.01369848224541848,0.013454642993628379,0.00429706029028953,0.011178969865556419,0.014968367594173798,0.00847107835991833
38,0.0374315066814967,0.026164029285971897,,0.022062481480578232,0.03188959946220717,0.03517261567005428,0.02217794823398531,0.023149561183170513,0.03808843181590222,0.01626343716861946,0.022311836869335397,0.013174757234016057,0.01582644630561911,0.012789630635221223,0.01077552724093966,0.01036172484156033,0.01530814957318367,0.013578500009199052,0.013247327166040589,0.00422728443589746,0.01088536467045618,0.014753777434928278,0.008262903025330951
39,0.03759838450963549,0.025906610169576898,,0.021933066781225603,0.03189572105912376,0.035073440686793814,0.020892776856278047,0.023005515095970923,0.038460366050675814,0.01604134492280875,0.02232742358977427,0.014110673595879987,0.015582893206959622,0.012696237063227991,0.011102335969376112,0.010255425270652829,0.01523813623889061,0.01341369078341991,0.014187918046259325,0.0041362177183105605,0.01088120069097004,0.014562921932416938,0.008095380917164661
40,0.037650852771918396,0.025161462609713005,,0.02194889727575675,0.03186412780372387,0.035086429146997986,0.02069202386318667,0.025157802603386677,0.038377061372683305,0.01900337110106916,0.022292576998668327,0.014059965963035687,0.01547564688627286,0.012455744001065739,0.011671824724558926,0.010197550507029269,0.015037574203591416,0.013387167511502951,0.014023716410153583,0.00403636792024349,0.01060221546436695,0.014443033893492432,0.00798691185588615
41,0.03780200003681121,0.024936064720873504,,0.02197517265904504,0.031990246240175525,0.03506829379422475,0.02226713428401439,0.024953962369367335,0.03829012788800955,0.01885486565439409,0.02221971563004322,0.016978772498684184,0.015308159692620083,0.01216704875491606,0.012507102607961543,0.01015189975642066,0.014983897335405871,0.013223996234370339,0.013891234908715374,0.0040033359074545406,0.01052306554008093,0.014299097971136671,0.00795876895944431
42,0.03763791917076249,0.0248072934414989,,0.02194286268915436,0.0318561196955345,0.035081752257146576,0.021697464555038144,0.025000214758428056,0.03827882792074079,0.018614119083139175,0.022081494253858972,0.0192362378321714,0.015151830072633191,0.012057777817312309,0.015478078772984159,0.010051068671062301,0.01486810442035214,0.01314591270389055,0.013734374551751274,0.0039874594413563304,0.011183451192087168,0.01418443807825675,0.00787243950149229
43,0.03768334522520989,0.0246722108058936,,0.02194822539206178,0.03198231820338628,0.03514783913335529,0.021587113005786397,0.02468903557262762,0.03817900376488904,0.018426801163318976,0.02170802612035166,0.022798988818803476,0.01502715916437306,0.012785723928110924,0.018363040557221925,0.009849122493350092,0.014820827931754921,0.01299044094238302,0.013552057362539338,0.00395212182273408,0.011078463965973832,0.014122405167991731,0.008133942725988212
44,0.03754248071151111,0.024665442227478695,,0.02193467496111315,0.031981739645081476,0.0350385909869235,0.021521706418529032,0.02453945710154541,0.03812724794699094,0.018363578858367573,0.02159839811484909,0.0220681315415734,0.014912548027409791,0.012725954337308788,0.022846566591030334,0.00979705809596268,0.01471895570169349,0.01276328345431314,0.013202712069458899,0.00391154867933136,0.010928421159786058,0.01402487964073439,0.008074525739924421
45,0.03650085416868531,0.024608005414722103,,0.02191908074712382,0.03200325188841574,0.03494027077164586,0.02350736989205461,0.024460146825503154,0.037954332312564946,0.01817680613238841,0.021374879167313014,0.021875936189073,0.014746547199859461,0.01365874948682155,0.022730131400366897,0.009737984755685639,0.014482864346818189,0.012688069677910571,0.01312372610600975,0.0037934317686594107,0.011648973953373476,0.01392206586875398,0.007992337002349378
46,0.03642662872213491,0.024709941079585695,,0.0218743928415274,0.0320181725712247,0.03486088718481005,0.02340437839339942,0.026171271485507325,0.03787699023378215,0.018029966692496912,0.021234879134627967,0.021852178312787823,0.01473240562160781,0.01498261802358714,0.02277876111065773,0.010168393144886732,0.014334264835133248,0.012629547751270852,0.013043005276507175,0.003751210656182744,0.011502044556225501,0.01382576103593571,0.008310764392289687
47,0.03646844267575689,0.024405752800719997,,0.02192682960633392,0.03174883097663939,0.034702759380216844,0.023249302384182526,0.026153506507290324,0.029194117474140496,0.018052324812322038,0.020816874082529864,0.021633417921202373,0.01460170929582415,0.014872660529542043,0.022683810296254533,0.010023510129216666,0.01418593886770938,0.012534802719992211,0.014364563399171243,0.00371418326904625,0.0114648375587152,0.014892708455318624,0.008153955600910149
48,0.03617616514749321,0.0246585717847907,,0.021907727818668513,0.03125905819875014,0.034492541196798905,0.022795470851504795,0.024117893398603138,0.02836273122897351,0.0198425046512481,0.020551560590179048,0.020968068043687525,0.014571563281303249,0.014829631095591888,0.0226819620533123,0.009887247886403685,0.013923200542786401,0.0124274919268721,0.014310490774828957,0.0036771602696747995,0.011482144661654963,0.014806342636496455,0.0081276674683798
49,0.036111657840808206,0.024648236525155902,,0.02189506828303831,0.031071748337275728,0.03429331137433446,0.023883968661725947,0.02403091665333286,0.034663614299324824,0.0197660569974922,0.020440137271108803,0.015197175604548724,0.014413138711512442,0.016569455141543152,0.022390180492378998,0.009914873287792801,0.013982173800615158,0.010756178902433381,0.0142336463044536,0.003655636049733043,0.011395691304975837,0.014596038640627767,0.0080971364499833
50,0.036197601632001496,0.024637779821564003,,0.02180134028418873,0.03098596408652853,0.03414560378896843,0.02353526857243076,0.023710743096504734,0.03465478955366072,0.019418156933561387,0.02036514059939204,0.0192097223336708,0.015580634866425977,0.016462777085967554,0.022127897616808268,0.009799963021461466,0.014052243363877798,0.010621074002443229,0.014176382454151542,0.0038472555997024803,0.011495364447688025,0.014518237191036435,0.008067499165394686
51,0.03619773692196449,0.02405167909187,,0.021753567079731223,0.030781734698858133,0.03381022447213007,0.023508955684357572,0.023304697777595224,0.034451087844010346,0.019127185259580456,0.020274263183869212,0.01895924176898753,0.015448630961899301,0.01640518128685393,0.0314409383275715,0.009787809768093167,0.013954228826989021,0.01057861004299778,0.01411973323434956,0.0036942193778175003,0.011448339082984387,0.015899981116673137,0.008091473154792325
52,0.03608453679633271,0.022912314941584695,,0.02166936593982588,0.030715394167735798,0.0338077640376311,0.02338692956089173,0.023130350098012627,0.03431479890780675,0.019112062709571217,0.02012703397528392,0.0189317529506928,0.01535531193005582,0.016235558811297266,0.03109535789656515,0.009710540218494476,0.013785164831354207,0.010543238183351603,0.015836416769406465,0.0036508525734455,0.012508286522349043,0.017550914700315067,0.009282579377388767
53,0.036069102818161204,0.022883984161469605,,0.021581198274561078,0.030860712599303793,0.03365396073937119,0.02337985200940692,0.023044857842140526,0.03428438550134489,0.018870364807356217,0.020058636126737077,0.018749405422963564,0.0153339158550947,0.01866503816931016,0.0310861463748048,0.009684307810768388,0.013766803306890918,0.010478019860441092,0.015792955705610952,0.0035254320063491332,0.013904855549648133,0.017503067531197014,0.010271731131139139
54,0.035950266931227,0.022804902299738698,,0.021463231021509672,0.030480816023871815,0.03358263544324444,0.021052163541401686,0.022942889413765204,0.03421956970562146,0.01879891892441434,0.02001210164708591,0.018949857134389066,0.015263535213315657,0.01848160776299154,0.0307602218524227,0.009657968463303244,0.013647584844784951,0.00895454063784894,0.015762502927589548,0.0034996080069501,0.015984448086842483,0.01747344204137907,0.010205855622318462
55,0.03584315692478861,0.022758323109183697,,0.021454131507481478,0.030338731912977042,0.03352185915509471,0.021020862821407558,0.02287665896416085,0.03421311989060052,0.018783261948065184,0.019861874766473386,0.01838079328793017,0.015225456387684189,0.01846959654785022,0.030859744971633553,0.010274628780648613,0.013526440307062532,0.008898258108918429,0.015714341839263717,0.0034833319345974334,0.018915117197917223,0.019742225277120815,0.011826272902394425
56,0.0357123058317848,0.0227305118860163,,0.021398497216479573,0.03034011545689775,0.033484887966781965,0.023578428143665852,0.02287218551898319,0.034127346762181585,0.01876582127322259,0.01978920334702794,0.018352093141011334,0.015021422230920631,0.01831766119974396,0.03119986397027595,0.011301485560571313,0.013428829755618817,0.008824108447186039,0.015828475588101548,0.00360023604033095,0.018984473454047752,0.019696751466798283,0.014268633227550233
57,0.0356695973795379,0.0225666133298566,,0.02128749131797076,0.030300373992846213,0.03336107083291549,0.023368627156445134,0.02279941210059684,0.03387078782220891,0.01863225794659127,0.019764606391397602,0.018284023233712168,0.014861778250109037,0.018223756366008738,0.0311808858916208,0.011250203600050444,0.014551114776450637,0.009503073800380967,0.01578695254365245,0.0034567208374806,0.018828071858991397,0.01960604962503135,0.014269135287738198
58,0.035436950789101404,0.021861941795902805,,0.021202338477223758,0.030238604882333875,0.0331850479300467,0.023227708794561763,0.022761693289064352,0.033437252037606696,0.01861359253613073,0.01973501293313655,0.0181608051263859,0.014806161192391745,0.018226894375316417,0.03116396188047165,0.01118100450683433,0.0144806106140313,0.009433326155102978,0.015735546294841567,,0.0187607576489596,0.0195737640360973,0.014217668755597032
59,0.03526492789645199,0.021589202959287797,,0.02113274519250802,0.029828636718665258,0.033139884063376965,0.02320369285270098,0.02266020145741464,0.03342866742281691,0.018637348718340784,0.019741496227127172,0.0181188046510063,0.014713563381483358,0.018255947576683022,0.03113052383222395,0.0111506741535716,0.014363509635244751,0.009377792089189712,0.01571613093681225,,0.018565730053620576,0.019542668144038166,0.0139861621414254
60,0.0352873241546866,0.021441429492718704,,0.021020513451275598,0.02963513744797917,0.033073826540615345,0.023186966865733016,0.022627920395304986,0.033207960966704024,0.018440440058414588,0.019692327820915848,0.0180561506158177,0.0159727073041913,0.01806095437573918,0.03113269903096545,0.011142764833568714,0.014345423118142,0.009350528444639766,0.015629211214432198,,0.018427459191917524,0.019354559937544567,0.01921398244866615
61,0.035159175643659606,0.0206061535289912,,0.020797112241257902,0.02952799826827456,0.033014706663418866,0.023150709736260433,0.022229879463426874,0.0434733280331469,0.01831943825817981,0.019730936630041492,0.018136368469309768,0.015959973202728676,0.01788074090512616,0.030727849061363298,0.0111129292450692,0.014202167107577332,0.009358237829018424,0.015533502514448183,,0.01829573956643295,0.0192824068917135,0.019123974693951752
62,0.03482088069512369,0.020409684153991903,,0.020772553561578738,0.029478210437181428,0.032895688630854306,0.027046470827377923,0.02224300679014428,0.0435622307203529,0.01832177746245654,0.01960448451804942,0.018095264355558933,0.015864931160417303,0.0178672176358904,0.03072973387973065,0.011046323108031957,0.015488433905352175,0.009301424328313143,0.015499781540184616,,0.01810724425710815,0.01915572311353107,0.0189726287124222
63,0.0348152466581827,0.020502954755928105,,0.02062070507625249,0.029519878158069824,0.03280786303543633,0.026877466968446638,0.024958565721003016,0.043262548940498906,0.018004012000555143,0.019477399625927032,0.017937286601882933,0.017610964779565873,0.017812087298921718,0.030526800278989352,0.010988235278735813,0.0153682836778706,0.009277233608720145,0.015378240599969534,,0.0180839414647599,0.018999806273133385,0.0187716944438181
64,0.034866746475565806,0.020470791938291495,,0.020571010278746932,0.02945293764334061,0.03263393645723872,0.02669173811847682,0.02488608870446443,0.043192200849994734,0.017947773795646115,0.01939917940609081,0.017770574766725968,0.0175176473248135,0.017734093933703718,0.0304631388660536,0.010924346719457,0.015228558154361851,0.009228728927916667,0.015271075594135616,,0.0179151772934536,0.018846664908617368,0.0187447247459284
65,0.0346462050414516,0.020457037979280602,,0.02056650770366051,0.029315881359403374,0.03251739546092567,0.032525457740117274,0.02477667048322667,0.0433915734830392,0.017683827667118384,0.01934686530910189,0.01763915567824253,0.01752190151872577,0.01766219295930766,0.030455270848235003,0.010878422849944443,0.015164125773412375,0.009174363477787946,0.0151766291432495,,0.017786803712635198,0.01871509641946125,0.0186118198142803
66,0.034662680105349696,0.019803248545256103,,0.020447432669966462,0.029282447795543474,0.032464374640166396,0.03249835201196227,0.024665306926009184,0.0433634702518858,0.01758474437788666,0.01929974004919155,0.0175595233203209,0.017405984786377542,0.0175664981216977,0.0303803503558987,0.010845091375397955,0.015107994211598337,0.0099829441129304,0.015075248094680865,,0.017663508475094125,0.02172785248407198,0.018520296786436248
67,0.03461214207572339,0.0197215386512625,,0.020385364920899356,0.029286328251078526,0.03242858336559036,0.03245698720009325,0.02449172774117957,0.043326912704771264,0.017500749340075245,0.01905983206075152,0.01735584059580157,0.019632608976081184,0.01756471630504412,0.030297925573865847,0.010792416060004929,0.015022951782777487,0.009936510434731687,0.0150238223364828,,0.01747176261945995,0.021507083539115977,0.0183365172497611
68,0.0345926278311488,0.019632715132818102,,0.02024186641537079,0.02906116354048095,0.03231137921805723,0.03242188331702167,0.02438031493615561,0.04331505803197153,0.017335883108967314,0.018931068642244888,0.017328561716849402,0.0195469077233533,0.01743063848676652,0.030240999865702,0.01191039734890415,0.01661964140762077,0.010986241162644501,0.014905805971275185,,0.017317280342474976,0.0215049020429108,0.01814472110183905
69,0.034422518514316894,0.019597611174282496,,0.020203670599259028,0.02903404219622987,0.03219443405363506,0.032370288720403,0.02422197900675117,0.043202256277304396,0.017253850994865202,0.01879267696016205,0.01715619718761203,0.0194200464513942,0.017309287590705102,0.03018610201378775,0.01187767431931535,0.016461470158246373,0.01080930684135394,0.01473475687664805,,0.017150938238435876,0.021476766879305758,0.017911062342389303
70,0.0343205377598787,0.019412600755396903,,0.02010264849799468,0.028958904981278417,0.032155576700303536,0.032294967823672,0.02414124046012136,0.04295444989683597,0.01713898955813087,0.018719700407400307,0.017058378441449733,0.019363588945910365,0.0171571709482881,0.030034083434492147,0.013507715685724519,0.01641585117225316,0.010704775589208657,0.0146969590797571,,0.0170671243361225,0.02149243413791794,0.01780620784805195
71,0.033140930538063,0.0192500348145471,,0.02005758214016264,0.02869758369802463,0.032090711015075976,0.03217167531592985,0.024135064570679713,0.04291542376306675,0.017021372252224217,0.018549038665516198,0.016862503401127202,0.019265003615315916,0.0170993575563821,0.030092072721692252,0.01347821565483072,0.016398360745865342,0.010590673546556573,0.01694681628752102,,0.0169838127875486,0.02144373401351448,0.0177551201453596
72,0.03306413152696901,0.019042836695821498,,0.01999586798481396,0.02867599294046677,0.03183555313476585,0.03214104253015012,0.02403682248994773,0.042373991123617054,0.016958228838598,0.01840553358920247,0.011983288267210367,0.019253278843686533,0.01699786744763156,0.030271939254588952,0.01347688311448722,0.016362723164797272,0.010560918972188629,0.016876529587077797,,0.01689968023719625,0.021343852085794,0.01771306327946165
73,0.0330859688786932,0.019145510021060404,,0.019955677834166168,0.028479624081985767,0.03176946534901886,0.031969293184067625,0.023808034643959284,0.04239354252773753,0.016677074351283957,0.01835092754281131,0.01686580183985715,0.0191905925269508,0.01691580023483192,0.03021488043211435,0.013440575769990758,0.01629895311337053,0.011839953072753734,0.01687414080076204,,0.01688052705753535,0.0212599792344386,0.0176402953844446
74,0.0330937504523539,0.019067338803171196,,0.019865575189605442,0.02825864838418953,0.03170697702549002,0.0318176660696188,0.0237589674422265,0.0416829735783108,0.016611012220503627,0.02226826927057501,0.016826032505510097,0.0191565790392576,0.016895393183351138,0.030216579288100946,0.013376470572015482,0.0162737871505475,0.011785468267008234,0.016792219802839882,,0.0167140753896835,0.02127145603740266,0.01752677890600255
75,0.032849050787649305,0.019067211895955595,,0.019806419403798303,0.02800764837658944,0.031342879145490984,0.031808241841050175,0.02354704192705853,0.041618365067587676,0.01463385999737107,0.02206302276514055,0.0167523298233241,0.019103706633565514,0.016744200916645698,0.03027749372352015,0.013344155643463501,0.0185183504683748,0.013512738587539503,0.0166542887714592,,0.016598812188363024,0.0212467659386563,0.01752349310785465
76,0.03282628200766511,0.018944668368310998,,0.01974029283712981,0.02802092139015976,0.031214995183830984,0.0316808594068409,0.023421363052241788,0.04155572741266853,0.016544723172000883,0.022042878535464813,0.01675527059960175,0.01907108421094157,0.01671070498400632,0.0302485170313694,0.0133283386460071,0.018461171457843484,0.0135233190151856,0.01664336242100882,,0.016548912713301576,0.02117553798632052,0.01731821924697835
77,0.0326676776317879,0.018938964244282798,,0.01958055647687267,0.02774235355049044,0.03111121321166137,0.0315418525141003,0.023347756552857844,0.040821666159268785,0.0165481959374454,0.02197378925258425,0.0092985489172994,0.01910405174701457,0.016580994381929597,0.03016614564255335,0.01325393148515864,0.018351536240716566,0.013467362334183141,0.01658219751032024,,0.0163825852641355,0.02106706678016818,0.01706364813113305
78,0.03260014927554789,0.018860691459764496,,0.019512249550466477,0.02761114779111829,0.030930870457337195,0.031623244234241205,0.026699049621999437,0.04053840106478235,0.0165109427184942,0.02189750269171283,0.0158952495160349,0.019038234907563116,0.016496914256991402,0.0301300456698442,0.01326407621250352,0.018244823060739584,0.013426006024662318,0.01650048752514276,,0.012791078696049375,0.02089676306103312,0.0169455217645784
79,0.031276669656041804,0.0185685159540801,,0.01935812776167992,0.027566800215803627,0.030770996128310572,0.03152310345439465,0.026617889133309786,0.04050694926529463,0.01645640157288163,0.021830824477361187,0.0158838752804666,0.0190021739178933,0.01652435803628876,0.02982077641317695,0.013206039539159142,0.018150370202625114,0.013402515666519422,0.01644532405629684,,0.01251626298128235,0.020882517622401904,0.0171235748223376
80,0.031287815715694604,0.018516686976720497,,0.019317600613289992,0.02737516820035631,0.030706231751079692,0.03150787686643962,0.026552998882901482,0.0404260148348691,0.016420245368008183,0.021803865232321376,0.0156414792356277,0.019062857197213914,0.016340238232845923,0.02961060087757695,0.01318232063970506,0.018046710618224517,0.01336188175089666,0.016380639792831296,,0.012420125437635524,0.02085176274655276,0.016996970068404102
81,0.030606217399268,0.018217440341449502,,0.01929977216463135,0.027205061929072565,0.030581121746896846,0.03110080303664015,0.02650265884778012,0.040337796503044414,0.016291189751037702,0.021786699455382513,0.0155823551304894,0.018973841498214548,0.016286730560264417,0.02975178555181295,0.01315593580036684,0.0180197578578703,0.013345837558356837,0.01632894330589606,,0.01240196133365655,0.02079202398260366,0.0169182872269122
82,0.029909437234651497,0.018172897677518597,,0.01919945704070846,0.02717482869988875,0.030354790486685414,0.031120854748733,0.026374213614480446,0.040233598734394437,0.0162077820332024,0.0217598398754238,0.0155715067020707,0.018902320751301566,0.01619116729311006,0.029700069002698302,0.013107012100557699,0.017943395256210134,0.01332990525522812,0.01630530590625836,,0.01241878667122405,0.02072829263273206,0.01699548560407825
83,0.029655042951998604,0.018170431856641196,,0.019161013795986594,0.029711086681277858,0.030191683748120778,0.03098027286185148,0.026286773046478848,0.04021694970385117,0.016148095891959667,0.021663119598877227,0.0150713684609338,0.018422034192111702,0.01619075762387486,0.0296021117679597,0.01305099499197392,0.017851599160753948,0.013255042176239018,0.016292683628827263,,0.012405168132871427,0.0206322563710197,0.0169739352311433
84,0.029662054146088405,0.0182152538524491,,0.01909188883658256,0.0297285112841205,0.030159762300517527,0.03094960839310605,0.023676059826995704,0.04010447804882488,0.016103665727309948,0.021570830829890072,0.0149859542088819,0.018407947952915515,0.01609160437689658,0.02952045662553405,0.013031504578939462,0.017842667901167533,0.01323190783605438,0.01623913247614134,,0.012531255142179525,0.020463458669453902,0.01696244844420625
85,0.029288260515751903,0.0181349529583579,,0.01894282848072204,0.02972142561009448,0.029895406565047966,0.030589057287314897,0.02798318902533296,0.0401736882915578,0.016095487957164766,0.02152838805222666,0.0149110491538456,0.018384164597567487,0.01603116331695336,0.029368664369717898,0.01302697009629902,0.017789444319871315,0.013140996960610978,0.01616894567630588,,0.012474871962925274,0.020393335342056944,0.01711742285110785
86,0.029116319253221203,0.018179264274312202,,0.01883859119531498,0.029705233482962348,0.02976952077251782,0.0304578459888067,0.027957126551059718,0.04013973076045152,0.016091129371655015,0.021377052001068264,0.0149007704689371,0.01833157757061823,0.01598037449965238,0.028455917678478,0.01298904837877296,0.017724564772454248,0.013145014291407539,0.01613593582972794,,0.012425503621893501,0.02021664906141232,0.00908158408964725
87,0.0290458680078217,0.018561725526669504,,0.02064998259637692,0.029730085968725697,0.029677623536272003,0.03039800815936785,0.02792802607122762,0.03999698740904395,0.016068089033190968,0.02133526780427754,0.0148199236314071,0.018267748162082514,0.0156826151081271,0.028267335422616648,0.012978417466164521,0.017682918750425883,0.01307090697392696,0.016133860776977337,,0.0123896982495569,0.02020157901382582,0.00900292482799285
88,0.0289346326138676,0.0185495088620701,,0.02067454027861349,0.029612983293249556,0.02964984067148696,0.030145184091986972,0.02774945725578982,0.03995109354791892,0.013542849048209233,0.02127341856882226,0.0145683964200331,0.018144612602710268,0.0156364062156114,0.02795210994466365,0.01296766901877228,0.017706169282719484,0.013038895740373863,0.01612995482471372,,0.0123509087348075,0.020145186911805717,0.009007133707234
89,0.028936202982574703,0.0183926927306744,,0.02064812953601332,0.029630100664934402,0.029647708805936045,0.0300118764254494,0.02781476215103526,0.039826190626546215,0.015822543072302943,0.02116740966051628,0.0145525986148704,0.01807897043033065,0.015654490215071058,0.02789460626382275,0.012937658095640181,0.013563707308187817,0.012997369208878682,0.01608742523454822,,0.012319534813456776,0.02006287412190452,0.00893848470329655
90,0.028916125252921802,0.018204955016465997,,0.020599410480497946,0.029700511671184468,0.02965636189791323,0.029958290917449174,0.02773516777422038,0.0398126774441588,0.015543126955445019,0.02108424711184681,0.0145457003335139,0.01809357525732457,0.01560849273533268,0.02779826354080735,0.012841553248493759,0.013349671163854817,0.0129772356658675,0.0160067025255087,,0.012309339811133526,0.01990152690458792,0.0089343941713488
91,0.028893107206537698,0.018213268872697096,,0.020610624372215128,0.029331686542425635,0.02958522002220289,0.029870697491439877,0.0275178254657008,0.0397402958036095,0.015479407604127018,0.02105155656388342,0.0145001293806887,0.018029839342743482,0.015587990410137597,0.02762017762898685,0.01274376675596674,0.01331969869971595,0.01295784495611924,0.01593661047253196,,0.015836585767790866,0.01969850917150024,0.00888621089655205
92,0.028576667139402996,0.0182015703920945,,0.020541667784473763,0.029313556070568,0.02950050620671742,0.029776004441447602,0.027453696335253103,0.0396740335672393,0.01548810225796964,0.02078927710897965,0.0144992048039026,0.018023344783465286,0.015544377460578481,0.02736091428643365,0.012659515992097258,0.013252348551447232,0.012798584672892119,0.01592378630493364,,0.0157883222435143,0.01958639265732324,0.00885012693930415
93,0.0285968974096518,0.0181375445582834,,0.020402589074049633,0.02922321582650321,0.02946441959647031,0.029682843550627648,0.02743227266265818,0.03964315833865333,0.015368504530475103,0.020738523565510064,0.0144100085827873,0.018014642158005665,0.01550520643744358,0.0269505761975036,0.012484073971459462,0.013265783988207318,0.01271501986168792,0.015923245666247702,,0.0157566603517806,0.01953576741886122,0.0088369004560761
94,0.028565164548667303,0.018135536505610096,,0.020335371527397155,0.029177789876963012,0.02935485397037324,0.029624994228812,0.02721893487401942,0.039627727088881015,0.015301474274811561,0.020739888286014103,0.0143473310619789,0.017976443747599366,0.015486890995753119,0.026732502924400152,0.012466413242526819,0.013238736615914367,0.01269160039901548,0.0158169650587917,,0.015715303759350367,0.0194767154962519,0.0087758634690446
95,0.0285573201618116,0.018063840649756198,,0.022448052998634487,0.029132243158568057,0.02926835350355437,0.029456570975639675,0.0271562252875052,0.03961076985242714,0.01525175162685114,0.020673710517444172,0.0143560952966265,0.017938120705967085,0.01540926770734044,0.0267625472368626,0.0123815503914599,0.013205837762843698,0.015342924397533802,0.01576966046473426,,0.015697658914799965,0.01941274787768344,0.00876723372121445
96,0.028517314630103395,0.0180344694758558,,0.022363894890033376,0.029165947621601233,0.029077977595723302,0.029299990546361177,0.027106840314068882,0.03938105690686775,0.015292124472581558,0.020574108137395936,0.0143662378255946,0.01788885423861355,0.01536905083483496,0.0266945302087854,0.0123847415432719,0.013055400796379348,0.015288729427234275,0.015714830003162837,,0.015477114386005167,0.01929649389094128,0.00875945034810695
97,0.028514789730456104,0.018033631519617295,,0.0223067075181265,0.029088583402552912,0.029049059740683836,0.0292591374776734,0.027061100387713845,0.03917475661008285,0.015244858153854202,0.020531198182505435,0.0143600274999171,0.017791484291226702,0.01532668865619186,0.02660939114554535,0.0123100249676809,0.013016738429331716,0.015253550471276401,0.012538371384949459,,0.015442888131343965,0.019279100281269917,0.008593988144787849
98,0.0284107700369217,0.018714099050086596,,0.02225107734650471,0.029071851724587087,0.028984635600582516,0.029057024352701525,0.026752557955238683,0.038991485303180334,0.015205247081415022,0.02054555814358441,0.014360283484939,0.0176874137467842,0.0152891615032575,0.02639109460884245,0.014897981774381275,0.012985807445902433,0.015189652761622374,0.015125179270040052,,0.015299059241362835,0.019298297533347764,0.0156714195362799
99,0.028634402662976198,0.018726619631882203,,0.02213041321289167,0.029040969998932877,0.02897092937216631,0.028787560463827848,0.02659260876992394,0.03886185538115949,0.015170920373130078,0.020462290829385874,0.0143536449616844,0.017623894233861435,0.01525762331024114,0.026394512327811696,0.01487350092012595,0.012959914562485783,0.015151538094129226,0.014975821087415301,,0.015155243255376533,0.019219800957938283,0.0152762670634497
100,0.028125100711417807,0.018612192162593903,,0.024993630772317057,0.029036427934417033,0.028880156471077927,0.028645925463750402,0.026345874284657077,0.03846437992262187,0.01506204773916064,0.020429389634132916,0.0143101626550553,0.01755469620694168,0.01517684592159912,0.0265228328430591,0.0148376906057406,0.018457207401214173,0.01506885228815355,0.014799288580754725,,0.015111997448695966,0.019213416901171683,0.0151706023305031
