Top5Similarity,Max Comp,Min Comp,Centroids_saturation_medium_seed_43,Centroids_saturation_low_seed_43,Centroids_saturation_high_seed_43,Random_seed_43,LHS_seed_43,K-Means_seed_43,Farthest_seed_43,ODAL_seed_43,K-Center_seed_43,Random_seed_43+Top5Similarity,Random_seed_43+Max Comp,Random_seed_43+Min Comp,Random_seed_43+Centroids_saturation_medium_seed_43,Random_seed_43+Centroids_saturation_low_seed_43,Random_seed_43+Centroids_saturation_high_seed_43,Random_seed_43+LHS_seed_43,Random_seed_43+K-Means_seed_43,Random_seed_43+Farthest_seed_43,Random_seed_43+ODAL_seed_43,Random_seed_43+K-Center_seed_43
0.11574388528044424,0.055634829989887696,0.03430598347052919,0.11057106646486078,0.04198318467991657,0.06438797282247812,0.04561400200832143,0.04757464301502707,0.062075579108160056,0.06016165617767707,0.06161257076985119,0.04855885032912318,0.06102217349489835,0.04952219431383705,0.024078865845336514,0.0382905072072332,0.03854031627833995,0.03952604605409514,0.03230791488855007,0.04166810059139986,0.041453143601950945,0.054091339560024064,0.037289863662776555
0.05092582708692574,0.057313848989585865,0.032188931989492714,0.11022268800457084,0.03592157803773346,0.06404106325499796,0.04578899063575762,0.04405480775093172,0.042339511371900306,0.05534823788444328,0.055795554636429504,0.04678554396298335,0.06001875973639465,0.020719143943714685,0.012800837499056904,0.03656994909192827,0.03689356602896861,0.03782475072847252,0.02976471935682922,0.012940715684119126,0.03996594306146981,0.01171217328016484,0.016054380726005003
0.04884443768312796,0.0532169738197833,0.022741889116505036,0.11393923149255242,0.03558300493802997,0.04460759983031254,0.051529939485878105,0.03414464626447618,0.03110857460338014,0.04883846157606311,0.03769363539402412,0.043380728605266504,0.05513760765052385,0.02128142956320042,0.012889325747330519,0.028028588919168745,0.02778182495994254,0.025425293403658112,0.030254786903930152,0.012854627542183085,0.04150891677921421,0.012565223631979188,0.013429455714412487
0.0884247773091852,0.05365369219907981,0.02265190866106205,0.11373759542857345,0.034752764397419644,0.046855843632624905,0.050802916347404525,0.03678548644504788,0.01616136622079157,0.04942906360535219,0.027165988001956274,0.039533146174473385,0.05323291332559118,0.02152516142086419,0.013588472286702808,0.027017496311061744,0.026909405581620784,0.024979310956282343,0.02210213097773923,0.013053963030477228,0.040428025300206304,0.011316739684682721,0.012452428739109898
0.07740684653746295,0.05656254948008448,0.023354428710898382,0.11317706313623141,0.036593770175147866,0.049466301447887884,0.04696546493617207,0.03635479925473952,0.01686026301394803,0.0493697938387273,0.02664856589560542,0.03644827413643985,0.04631577534818765,0.018224571923168145,0.012646128730375258,0.024653473809311533,0.024666231549653417,0.025209708814696745,0.019567612916120664,0.012812189326851712,0.017252421046395308,0.01060700287899592,0.012311774497564296
0.07730735421372133,0.05107129003438044,0.02018242690738942,0.11721272439330004,0.03685379846765724,0.04704013901167936,0.04648060203524841,0.028414390076234225,0.016177457687492812,0.04770724430566568,0.027401272980031175,0.03416423312311622,0.04718671346510745,0.017597797411225916,0.01244800293485892,0.02340141683585876,0.023472530204943706,0.02421081585093179,0.018249527647156958,0.012807038331158774,0.0166589041694821,0.009962443721707293,0.013018375349741273
0.07245479940054898,0.052358958267989336,0.021401708226239657,0.11679393118988733,0.03695124313634857,0.0471072601471901,0.047349677334012005,0.02988883428139365,0.015911991487434947,0.045545911315576816,0.025845837618266716,0.03506748447115821,0.046644381652685224,0.01695629480834026,0.011708801693983119,0.023554291731417352,0.023621418283820812,0.024271188673339206,0.011120415092418037,0.012307762058813745,0.016239968086766282,0.01014344780662304,0.0127112480913598
0.07248049661898284,0.053026345589797574,0.015253301943930308,0.11681079950535547,0.03689002483967467,0.04676008942564069,0.04594936124844925,0.028355715122888633,0.015297409338066338,0.045499018075694064,0.022514194878008913,0.03834851345778655,0.0473499023155043,0.015219196784157571,0.012145858753778636,0.022444089175797776,0.02251708612111735,0.023223641942094045,0.00937391973435205,0.011744270964712821,0.01658322582259599,0.010041612147535902,0.012681257777341049
0.07189240609986129,0.05300601162214389,0.015221114784450067,0.11790782619622608,0.036389260096296394,0.05082632545472095,0.04540759936046401,0.01883320213487015,0.01677269242798551,0.045983121712831206,0.022351120783379808,0.029384678868227165,0.047704865299629785,0.01601423804011996,0.0122552781414556,0.022369735286970793,0.02247994183498024,0.0231343872560131,0.009435729176722231,0.01202246279733621,0.016245950258785644,0.009602686464855025,0.011994759843436106
0.07189205801897304,0.0523461042937653,0.015332441900720466,0.11920460657120235,0.03696667424035237,0.04962397720628537,0.04424385086231496,0.014022085457775588,0.016784084619735122,0.045052868322350684,0.02531714256066744,0.028946345734679937,0.047621128438847526,0.01685589703063823,0.012760611559013764,0.022429573994593166,0.022523494192024908,0.023879685211674346,0.00970068543305177,0.012145281500494253,0.016193757945352095,0.008559182174542034,0.011930252455270848
0.07395738829691473,0.05284990942664164,0.01549311914988119,0.12547908758464654,0.0375077415673421,0.04835618840614928,0.043352079517207626,0.011940300939680125,0.016766314608274772,0.04519006741604802,0.019386517137888033,0.028920036502689248,0.048247430258013965,0.01645181887397602,0.012766615145257228,0.021922993967535376,0.021938129472839026,0.023324971939185462,0.009714560079992433,0.011789467273942138,0.015365176919418685,0.008569512565086349,0.0121186256416026
0.07001793439317383,0.048342068640831334,0.01571602205246629,0.13004516599075275,0.037473611772602326,0.048278818692907545,0.04431999820292135,0.011666726486611868,0.016784526485781697,0.044729283408887564,0.019422699945004125,0.027953645549195213,0.0484818439906565,0.01617994894777233,0.012881827242241434,0.02092704339203105,0.022003895896226467,0.022888881775571447,0.009684824627776855,0.011257536768198425,0.015063596013283649,0.008567559780304646,0.011781942764361454
0.06982013485730047,0.04787872223194108,0.017840525048988195,0.1313520806020688,0.03878989704153472,0.04774320598696606,0.042396112118627385,0.011489510119285744,0.016775705498718825,0.04452005523763984,0.01940898923007874,0.02852392179889585,0.04790299221962533,0.015986528182554666,0.011770699367531782,0.020952873638482816,0.020989472250372565,0.022759653302950347,0.00976045929043811,0.011008430784167435,0.015146087242572794,0.008073322399188993,0.011219193020930336
0.06896781185527094,0.047874525206001654,0.018096745690577745,0.13187558895952906,0.03857781454101108,0.04842053221930713,0.04263038149532425,0.009673443567814214,0.017285609052763315,0.044187649789542045,0.01937876715709234,0.03063085489035706,0.047901436418468495,0.015762385757326525,0.011304142449368532,0.02082361041757316,0.020487796366662488,0.022518479877772658,0.009398554141972562,0.010568116035314795,0.015400433471472345,0.007460067528614803,0.01088329426122156
0.06988273243185443,0.04700382452142126,0.01806295602061939,0.13253963487387876,0.038735872146451494,0.04758602690036679,0.04205139769917408,0.009632919155639002,0.017383846366069954,0.04427741360916238,0.018706273481707968,0.02866823813164863,0.0466798441963212,0.015717761305015853,0.010986107803734955,0.02076281657752774,0.020412026857602898,0.022195748483042274,0.010038422869577733,0.010565758640374992,0.01562031479070179,0.006837953215142476,0.010955070889106959
0.07092234570159416,0.047164921400191066,0.017937735529175058,0.1324390069344169,0.039044799806754904,0.04709102739901555,0.0420027724207293,0.009509770760898316,0.017049923168884377,0.044144776843227825,0.01951055258002734,0.027333403291353878,0.04668438509498011,0.015684474518934267,0.010939559019086503,0.020449924013787996,0.020368800473556596,0.02193310056532177,0.00991112106130999,0.010629423512358214,0.014911929754666532,0.006883086977027568,0.011570555133383063
0.07061097001107475,0.04560843669925184,0.017670539047466106,0.132334031565701,0.03990427525173967,0.04720503399544747,0.04200066129432016,0.00950212124607576,0.01236758969723267,0.04412837674375858,0.019173425563775378,0.026419812473538692,0.046592413400570944,0.015623399627084311,0.008781421276039356,0.020281941609415682,0.02026833486048547,0.021672042414678645,0.009713842209445347,0.008861838825630505,0.01453105349725088,0.006724937217327533,0.010736980509958612
0.06583274616894327,0.04488169303530746,0.012501150558360513,0.13230728361825614,0.03972069428634867,0.04733496618149679,0.04172628535334316,0.009363517595583778,0.011907446330188127,0.044250395849837136,0.019184428758700675,0.023133339096448574,0.04652526566562009,0.014046026501815578,0.008721914308238307,0.020229675049819738,0.020105623885812645,0.02151402290411395,0.009656979669981544,0.008834031865163882,0.014356293188612671,0.006659473132113531,0.010684795400318128
0.06405892663387355,0.04425636845328092,0.011209790717278888,0.132105229160943,0.04005657857475806,0.043251973491676775,0.042018567253299555,0.00862893131337268,0.011693421132271481,0.04454046444475565,0.014387186804209586,0.02302459638677709,0.044094687197016605,0.013662323486453149,0.0088467982704015,0.02016238458307727,0.020021393187297575,0.021345854255306,0.009586718610691288,0.008879381312554793,0.014358819058735057,0.006570376613936119,0.010619077313766415
0.06409560146195009,0.04420696569319924,0.010546274344754332,0.13225098943450128,0.03993688074288351,0.04350497019071201,0.041778240732581295,0.008604948638741781,0.011591282496417278,0.04639071335928375,0.014144008462295432,0.022911429075799346,0.043447532435261726,0.012626391456189684,0.008903621346016369,0.020160217034188136,0.019872618691274126,0.019387850264066756,0.00950980013387303,0.008870802064502387,0.014426232466029282,0.006307521862847761,0.010545301670781153
0.06316379544122969,0.04423369997879866,0.010484863816553435,0.1313324141747986,0.04033803912055386,0.04403728446372915,0.04178200605445437,0.007959824349732688,0.011550455511328666,0.046091326012494584,0.014103150850440945,0.02302774187140903,0.04335077662410248,0.012642772193741759,0.00880519571314184,0.02011670118704982,0.01962481507380793,0.01939950667395534,0.009153952280259791,0.00819774552681893,0.014140959598750133,0.0062813667755372005,0.010448415915072909
0.06309733960018638,0.0442642617583392,0.010451524653271286,0.12607189838421504,0.0395746440593726,0.043506932999490266,0.04100399194045723,0.00797791606320127,0.013879448574856467,0.04817111427984591,0.014070548696851983,0.022738219657139926,0.04347404736647727,0.012684241340477957,0.008640291783519227,0.019868771186332554,0.018966235321999054,0.01919704413098845,0.009145282870165923,0.008202615322389483,0.013380371724276283,0.0063467005721670414,0.007631751763519429
0.06317248009587786,0.04411857773325619,0.009881621824036912,0.1254248097580228,0.039687948818041406,0.043547021342047625,0.04099126027688603,0.007655717855079511,0.014796030834507,0.04643592069779464,0.013022881883182801,0.022380916291980683,0.043286516913295235,0.012269980516223753,0.007060655246431156,0.019212137322420417,0.018948973900095114,0.018931245405275028,0.009161682923580277,0.009205698025872427,0.012752976261724893,0.006399757234174028,0.00771209783146748
0.06195330505529043,0.04258143119606165,0.00981799856047853,0.12097542249527209,0.040267899569915375,0.043366379376831764,0.041021916592676365,0.007572524763314514,0.01408767772391381,0.04425842880691582,0.013001035667994825,0.022167540470536387,0.04313218746419536,0.011911368841409623,0.006969076613638433,0.019198427456849583,0.01897746765940681,0.018920839534439737,0.009149948053742998,0.007403171299701829,0.012688495001065779,0.005837762653140096,0.007647709774354306
0.05767681567474669,0.04341255461872636,0.009840297598697346,0.1208720876806867,0.040281330111737144,0.043324911277844436,0.041519519818801934,0.007545493420938384,0.01408084324046891,0.044312777186561195,0.013094269551523674,0.022012929839165925,0.043631160528662186,0.011828174685484688,0.006770126107176542,0.018894676117807624,0.018949370342948822,0.018886511663836557,0.009383428736428345,0.007403806587038244,0.012625611192281175,0.005809583645241303,0.007327675472332901
0.05399905640419618,0.04313023926589758,0.009672733306005795,0.12110836821505123,0.03942192398927018,0.043153863623770626,0.041739436829601274,0.007763975476827664,0.01407486175697835,0.044273324957972995,0.012609082407557023,0.02164677022317708,0.04357089089617954,0.010979405866131517,0.006768828350988213,0.01892501654206448,0.01894656126474398,0.018778329715645786,0.0092156709880533,0.007315808618937902,0.012641270905521286,0.005774178102133713,0.007251997661774899
0.05341749025956736,0.043330587339521,0.009289372566525065,0.12141103622722867,0.03956654531517268,0.04315446073466763,0.04139078741180337,0.007730335435936067,0.014053391138364436,0.04399237378863195,0.013950417759073783,0.02165264334216255,0.04395021338069327,0.01095425183943723,0.006757812500995384,0.018884256461877316,0.01891529064444812,0.01877669870529799,0.009196986230920898,0.007259976039183015,0.01204706494121401,0.0057206502545494075,0.00726186643582623
0.05283845796707563,0.0434426035076775,0.009348989672039705,0.12121523222137219,0.039981853533076005,0.04299531474594574,0.0408792497066612,0.007386983785757938,0.013820988857517496,0.044131370841107374,0.013874672499407461,0.021606902114713195,0.04360222910042245,0.010542482671020996,0.006687024008676644,0.018906230595889813,0.018817355886948925,0.018795700197097278,0.009200035389253337,0.007270317206760438,0.011678548469960826,0.0056330423972187835,0.007236875744399742
0.05117801889843032,0.043556833616537644,0.008668229977352252,0.12068493513766218,0.0398874943453144,0.04408293066723538,0.04114622501718141,0.007375580345042775,0.013774019045765267,0.044101200949392766,0.013898329767324894,0.02170222230801712,0.04290637283393842,0.01042164540796531,0.006670330091284205,0.018916127979419543,0.01878758428472805,0.018765708240875954,0.009197085399868367,0.007268520946392774,0.010946476504317626,0.005663475993513278,0.007226026679236024
0.050253672940584214,0.0435061559891227,0.008659166373308448,0.1205443893224617,0.04078505233246119,0.043201407957014375,0.04044960118858394,0.00724317983919429,0.013777553478572683,0.044155173619629645,0.013848114570798025,0.021718816598007517,0.04278667874134704,0.010166264728811929,0.0066688067910702815,0.01875217453159355,0.018803731933092056,0.018722978843093357,0.008812604228280247,0.007271938694264016,0.010797379694467979,0.0058329815591239165,0.007144272532839055
0.04877500474929563,0.04348385578239551,0.00861621784811237,0.12048669920140566,0.040629838020129976,0.0431283905661767,0.040330130639499834,0.006879337218287958,0.01375578841671377,0.04392884295310376,0.013251470812957123,0.021494306460177377,0.042612784243917436,0.010038218649044311,0.006660398209200992,0.0186993123151626,0.01878648249817144,0.018234106559294843,0.008722674079302193,0.007383807120574458,0.010768685136437608,0.005676633417369163,0.007087038986399724
0.04831258773040305,0.04321795589741939,0.008590935097901287,0.1206258916800052,0.04047190075493977,0.042989737950861376,0.040117802316990914,0.006857113044319417,0.01376796634681083,0.04446443937616521,0.013240953078292877,0.021552030455431897,0.042562213638717594,0.009957842672754742,0.006650207309826033,0.018566477687209336,0.018869392529086627,0.01823566170860213,0.006893304405326299,0.007355844562934229,0.010521196486152119,0.005575029551671086,0.007306238537761416
0.048086315567765034,0.042964492781367485,0.00861940210253127,0.12077681798328214,0.04026483885278564,0.04297231683331597,0.039943535027438026,0.006819194567573624,0.013765505090170676,0.04417003903114133,0.013218483201627879,0.021397970760010643,0.04227419346478699,0.009950938494768411,0.006632193628097004,0.018557084493083537,0.018862043121524136,0.01816354952784247,0.006959846541251708,0.007328355886314879,0.010578554693510007,0.0056077214134632415,0.007306393765691024
0.048458374981204144,0.04296459542150895,0.008595201572936223,0.12088795319835066,0.04008862264232768,0.04300050852817724,0.03997715494115138,0.006707753040916197,0.013753888392566454,0.044207613571288024,0.013232527698864446,0.021325499709629832,0.04280401607905894,0.010004616592926804,0.006527167922428838,0.018229472404457988,0.018546087895290837,0.017983268812841718,0.006942058364637386,0.007341222117687764,0.010590401170119466,0.005592212184847956,0.007281602155310374
0.04842967054564968,0.04330687453356475,0.008261544034737694,0.1211797063872482,0.039890253131863944,0.04302186847867913,0.03992660767511786,0.006685023158998862,0.01313120970408368,0.04430674430230254,0.01303994637134879,0.020984071713954035,0.042339077598273406,0.010028544060936373,0.006127146235262883,0.01829730159991567,0.018364781464424104,0.017671027645751982,0.006974846528989566,0.007269760876138753,0.01050931586454966,0.005593252597203938,0.006994804573025291
0.0484149807538024,0.04335914626239563,0.008267520009876017,0.12117990622523105,0.03984209387828406,0.04271845619296804,0.039974370251441876,0.00641960798018991,0.013190793546243572,0.04435971947980288,0.012842610373294504,0.01953686670556004,0.041762952551452064,0.010036407689647052,0.006163730697799435,0.018313813935508138,0.018357869308325312,0.017562542636019786,0.006898340294336637,0.007265540685774634,0.010207967533462549,0.0053994140361696185,0.006951957084369841
0.04826276909781921,0.04349042132288971,0.00807831402789152,0.120178992697366,0.03983398962011537,0.04269308300286364,0.04010726161183813,0.006354798315900708,0.009515587897581586,0.04429534969732694,0.01240663148685069,0.019446274859554705,0.04178167172321921,0.010034382382948211,0.005923771940291372,0.018296078820273134,0.018347444638089638,0.01760588596394202,0.006895100830738894,0.007234851212148304,0.010037114256121742,0.005346566150745414,0.006947523044776022
0.04643758796542373,0.04331167892147636,0.008048589212340165,0.12065422206947478,0.03962384677403254,0.04301903613805568,0.04006856518153507,0.006192505261260941,0.009512317846294537,0.04411802536991597,0.012409171438098178,0.018853387494638586,0.041859052946716935,0.009838819470883484,0.006208585640979905,0.01828793072915839,0.018351749302269224,0.01760373218450158,0.006899067220283257,0.007301218955752421,0.010037932005303764,0.0053079960774369975,0.006876035727844197
0.04640357986243127,0.0432627093905357,0.007977530126208082,0.1198964226042166,0.03980995598039009,0.043043897744550856,0.04003566936117728,0.006219452107492138,0.009472482947767792,0.044297167965551686,0.012412282767833172,0.018709615072012284,0.04185291775799075,0.009761663293610645,0.006153726967504264,0.018294841920128025,0.018349166814482076,0.01758808737585916,0.006845254008002319,0.007226850747272456,0.009964217101828621,0.00512350079240923,0.006891349551900822
0.046511202394104376,0.04347844454441273,0.007981105053890054,0.12002821698200422,0.03963205435671737,0.04266200271681442,0.040139460472697196,0.006026485348843057,0.009388533736289485,0.044434075916923305,0.012412225002625383,0.018711115704986372,0.0417858246055615,0.009762638196237555,0.006149500129355536,0.018210264786671922,0.0182213687995656,0.017601335352878205,0.006822646018867424,0.007186878083632765,0.009978949914939863,0.005120591763210048,0.006851135830543737
0.04612945423549582,0.04372411332921705,0.007199498669297138,0.11820600751463228,0.0398325726790442,0.04249143040474393,0.03999616473804803,0.006110061056794739,0.009391281348154461,0.044153842192609365,0.01238414177183217,0.01864327441715606,0.04173638981534074,0.009679143814079529,0.00612607528249808,0.018211010393665166,0.01821619044959222,0.018071496851671677,0.0067387298280499,0.007106767590084905,0.009978518279562226,0.005125498819664896,0.006831535070164589
0.04477029164138832,0.04360950112214983,0.007192230360654892,0.11676004849051441,0.039829343510013104,0.04241936431047768,0.040369491392872506,0.0060102345011133675,0.009307543725032019,0.043884977984605215,0.009547104521869593,0.018582942160957565,0.04171837336350074,0.009677485513093826,0.0058415459779508645,0.01813533605657572,0.018206954777264545,0.018054999070682747,0.006714400724382582,0.007110601895313706,0.009965187450636785,0.005122782194707451,0.0066538184545962085
0.044383617443729276,0.04354970190290161,0.0071738847625951304,0.1151015011280508,0.040212430092668325,0.042628304913026056,0.0400284865345417,0.005778708115213812,0.009269552245216,0.04380720583465782,0.009412874782502424,0.019693259146650745,0.04147430081174701,0.009040954526050228,0.005839355106925562,0.01818518886298919,0.018088254421264157,0.01804461196214695,0.006618026759326469,0.00709367665920608,0.009710091906998945,0.005128771213334308,0.006629770386482802
0.04403916199075909,0.043654618560666276,0.00679506134289656,0.11381499766713467,0.04021829473605526,0.04169656227500281,0.040022365029962564,0.0057005942504126115,0.00907298861812471,0.04357530966143439,0.009418143275076722,0.019740482311873968,0.04145173274717236,0.008990886899006172,0.005816070992594719,0.01818065868744866,0.017900088214670342,0.018049846377355964,0.006607636796817108,0.00660141829310317,0.009663452493281608,0.005151324988925417,0.006630767729888279
0.043420362158574206,0.043655896664858494,0.006773566716234621,0.11356237529753131,0.03982089788195322,0.04093971063307849,0.039956920928405255,0.005691746910903621,0.009066397489108424,0.043808668199297476,0.009408096801926854,0.019765413040559524,0.04071396492970774,0.008945059530239424,0.0057876954102937025,0.018101161352472302,0.017821094418096813,0.018021457717076538,0.006604445092595538,0.006614494292330984,0.009596214309778209,0.005200233324522832,0.006602853910957218
0.04336830964471818,0.043096950253774004,0.006252774935524018,0.1110236815820816,0.03957108081880178,0.04085391365376743,0.03988985548444165,0.005579625538154552,0.009090092430845112,0.04213384753925367,0.009367941641444215,0.019763140267855764,0.04069196770478105,0.008915747384230155,0.005784219975110483,0.01810211413922824,0.017815085143165616,0.01793364041920592,0.006735125211283216,0.006744657981656782,0.009573163218254577,0.005165716563836172,0.006563849018915013
0.04329771678797731,0.04309085811174934,0.006157373283625606,0.11088528519487142,0.03903347955856752,0.0402828200600343,0.04005791240235146,0.005570913516727776,0.00905834055510754,0.04141088310731321,0.009480506486378909,0.019759649575048686,0.04100478490776947,0.008629984680824248,0.005797892608956076,0.017811951307539545,0.017549282311028418,0.01795345153452674,0.00670430033426095,0.006572577448916823,0.009332894238274663,0.005148226442386644,0.006484000443479212
0.04312910933537215,0.043060372288207326,0.006131232141619446,0.11063678714919635,0.03896587274032665,0.04022092948304989,0.04000857386419986,0.005200856354478597,0.009058286247551282,0.04148998595387618,0.009429426391969673,0.019848818679213807,0.041016771416696886,0.008569903815656171,0.005712549303228116,0.017814359249880837,0.017527401793020377,0.01794955731455571,0.006720111150066241,0.006570743095726584,0.008940191290221168,0.00516568875265502,0.00647964920044209
0.04276543921225756,0.0431705130046398,0.0061356627311543385,0.10996343496210338,0.03876161701260737,0.04019055225914989,0.039990556953091304,0.005206036760761458,0.009030067726915956,0.04125357968075762,0.008934091898847318,0.01973551064680401,0.04099412734396937,0.0085517126599222,0.00571183250370748,0.017776075748216078,0.017535581566438106,0.01796555189745873,0.006091961593485186,0.006501619867095515,0.008943028629872757,0.0049353836924354915,0.006486593929275716
0.04176168334499446,0.04316423560487576,0.006146762850839065,0.10937449841837915,0.03872621717481271,0.03987724747621872,0.03980400050037681,0.005202343806200207,0.008912865011914071,0.04040488152157834,0.0089067297806606,0.01970009950362162,0.040314592425861114,0.008547522543469209,0.005643464525286523,0.017792526087225147,0.017532616510022882,0.01800538096894804,0.0062221387567366485,0.00649802680431335,0.008946327397252844,,0.006418546587096581
0.04081498679359823,0.0421835762738407,0.006143960020006186,0.10863558730586936,0.03880225215336706,0.03972062904295188,0.039892538683489756,0.005203271060871204,0.00891264062543753,0.04030912916439484,0.008708055878588581,0.01961055679344052,0.04021308862903086,0.00830269321918029,0.00563591904205215,0.017744911123271978,0.017515862911356723,0.01796511809865322,0.006202333344907376,0.0063845975220449954,0.008770988106171457,,0.006400858504753735
0.04059530926834106,0.0414401644029884,0.006141513340931187,0.108533155738657,0.0386928495983912,0.03958232229938021,0.03970781905065667,0.00522980733035457,0.009046364265859561,0.04036554509564177,0.008702485249617697,0.019656685051705515,0.04007623749503403,0.008284287630032203,0.005601134420580227,0.017701593881168032,0.017588068761447643,0.01871884572579907,0.006189525611282903,0.006314772127143531,0.00865765813261422,,0.006172011509118051
0.04059324215028804,0.04137303534617915,0.006057436354668955,0.10876134925095186,0.03849672115221899,0.039610025402799946,0.03971983876778302,0.005228620680810703,0.00905137222086467,0.04005262250727674,0.00702020343022481,0.019604340555273447,0.04005999242869743,0.008283849548027125,0.005548350326845438,0.01768707087407333,0.01752725282121159,0.018673276791523096,0.006175660199715557,0.006049314847595548,0.008383044647895821,,0.005849165717938008
0.04058719938475122,0.04126830765835426,0.006044370471075275,0.10800156136940946,0.03776712927949699,0.03961794486141717,0.03904005971547206,0.005232963930444547,0.009032196901050383,0.03932485955554914,0.006702735754430763,0.019444208411138267,0.040122444294914905,0.008287066446016442,0.005548934939565895,0.01766794139025355,0.017498865669358266,0.01858762276716574,0.006174824595643458,0.00602812927432751,0.00839549757399306,,0.005846277710967536
0.040602625453734,0.04126390234491142,0.006062858490041417,0.1070255811351655,0.03769027937135073,0.039601364399933205,0.03893883607611373,0.005070822673048031,0.00902003276291855,0.03901037916416356,0.006784975074607625,0.019317378408075302,0.04012907123041119,0.00801463896755632,0.005547667112026749,0.01765893474318172,0.017486393753426185,0.01861119170262954,0.006160521665081896,0.006009211163564996,0.00839294666762835,,0.005827296362175498
0.04049137944625066,0.04122887396514355,0.00605703929729041,0.10704049466853274,0.03756909140552436,0.039402108669515455,0.038922544131323886,0.005020810404546374,0.008966105972345696,0.038588545727739995,0.0060262142850490705,0.019055504803760018,0.039874592816269615,0.00798821811172617,0.005464582531308065,0.017584249305168883,0.017443970951297443,0.018549176045068814,0.006155725461306954,0.00600213028433932,0.008409164754875804,,0.0058200100290867265
0.04043108269063458,0.04121404324957327,0.006058447893876635,0.1066645389701964,0.037466175250483125,0.039057027476829875,0.038205428436212094,0.005069907026665763,0.008970999203520898,0.038579114535732956,0.005790531971468304,0.01903667150496015,0.039788699103695715,0.007996900748706392,0.005463162442132399,0.017516392080902988,0.017397141331504332,0.017976561479628984,0.0061327958124259676,0.0059846953950401256,0.008384516110879968,,0.005749550690046585
0.03974705364998137,0.041062301575129745,0.006057849466873319,0.1066526340412468,0.03736851563692704,0.038828686086909876,0.037811334911686104,0.005006382226913268,0.009064729158723405,0.03857874544420142,0.0054423682409370745,0.01898631662760316,0.039399359805052755,0.007950295559019879,0.005465672994730399,0.01725357062946357,0.017402271007897152,0.017974322592190624,0.006114356978717337,0.0059816295029196985,0.008335276799089426,,0.0057462094772730826
0.03940396128865621,0.040784533098625134,0.006015866319927055,0.10674593516302999,0.03736435813129494,0.038468577895789884,0.03778803831054059,0.00469939062125623,0.008906606024415111,0.0385968290357995,0.005330578389258651,0.018903489722394275,0.039064590082189314,0.007947433842318762,0.005460406021985994,0.016782497807330488,0.01739609826231392,0.017891759577980698,0.006086742279558164,0.005971821382055608,0.008327680214677575,,0.005730729746236776
0.038923107423679396,0.04078222147434844,0.005967302668477045,0.10672618300883284,0.03694402026085569,0.03851966084200762,0.0372650596870928,,0.008578344789523271,0.03863277842091317,0.005336235820610525,0.018847288764053276,0.038670341667512036,0.007886405236709693,0.00544365347493291,0.01677521812279285,0.01703037346270647,0.017886590150064025,0.005907292975677668,0.005959238923610973,0.008328060521897537,,0.005736080400101448
0.03864078638320571,0.04102052293929854,0.0059668956882869715,0.10645329116062888,0.03593007661129343,0.037227904509676245,0.037062104394421584,,0.008554592649194656,0.03842911536525963,0.005274012865379586,0.018303970740089524,0.03864711668251374,0.007852101011972623,0.005398714051405179,0.016799860686227203,0.017028391408097983,0.017874696973770584,0.005906620483531389,0.005951558884500392,0.008332881873193004,,0.005275642178573181
0.038685493120816705,0.040313291038929076,0.005966049884091686,0.10642733187829516,0.035801852767948825,0.03724592629164576,0.03665557634830153,,0.008495986851715787,0.038565905204177124,0.004996426278194903,0.01843589098524019,0.03855976202226821,0.007850460629986284,0.0052806193925407354,0.016792352328847536,0.0170738359355349,0.017862399609520643,0.005907809220064936,0.0059171257685445905,0.008332711290637871,,0.005269624925915471
0.0388172845027919,0.040240245543771376,0.005965522605804326,0.10648197498125792,0.035525450890112435,0.03599949112330194,0.03666271644293566,,0.0084791539158953,0.03845157595708702,,0.018440729990788843,0.03856696836883113,0.007738452260226146,0.005251935267513703,0.01678312734566319,0.0169272788828052,0.017850491129476967,0.005795434867482586,0.005846009943402521,0.008188422675768343,,0.005214060551747744
0.03874518135744692,0.04007893555930145,0.005965852049326055,0.10544585362824864,0.03553956791339179,0.03605052706347626,0.03667368539255003,,0.008451304588271187,0.038215422487756126,,0.01837447663952757,0.03758443571895939,0.007725020995487133,0.0051575419907434125,0.0167648291630115,0.016905225221185583,0.017842705352865126,0.005740895130050475,0.005833398835480413,0.008110776465373578,,0.005169881048328091
0.03957196696455129,0.04021452133925789,0.005931534962381311,0.10428888821456705,0.03519127948062414,0.03600538297539638,0.03662751227558425,,0.008448694619377662,0.03829484403620147,,0.01831764630460252,0.0373068898063342,0.007710853059121675,0.00514283178632956,0.016685239641179815,0.01727175562480802,0.017831852073413253,0.00574114500627663,0.005830083636181162,0.008221107720437658,,0.005133438109162615
0.03913996488621823,0.0397677127865002,0.005874018699177775,0.10423192078929243,0.03501662960082063,0.036011824118908596,0.03554861450325631,,0.008074549883500409,0.03819850508968334,,0.01830643303909582,0.03731780187562851,0.007699260874582028,0.005129498482767245,0.016725832867120444,0.017260317911263555,0.017808287676567478,0.006145081356713997,0.005810053424752352,0.008219796390324352,,0.005112276298347491
0.03902562220064163,0.03943154384684875,0.005859371021442958,0.10379894502815151,0.03500313763936658,0.03596645923034124,0.03558131986190672,,0.008067933487156466,0.03807410763496632,,0.01830516486660581,0.03724478934367693,0.007691015128907005,0.005115261963751136,0.01708534951047634,0.017242591767189043,0.017809973583196498,0.006146973854530887,0.005790202443130678,0.008158334424571595,,0.005162889987402417
0.03899114538839153,0.03895484781634554,0.0057598144746948965,0.10350082930558588,0.034688771555443206,0.03591360683387755,0.03550826200773943,,0.0076803244316323415,0.03786896194840745,,0.018300274888481585,0.03725073551421781,0.007680229019890159,0.005017679129955483,0.017070625076221074,0.01721684843231778,0.017684836594251536,0.006113053982097671,0.005760658560746043,0.008155879790218147,,0.005269806107941951
0.03906318644324642,0.038584989065914836,0.005695974688525076,0.10364181902169436,0.03443542651606516,0.03588259326331003,0.03551411330969508,,0.007591036993529136,0.03754232931608936,,0.018393292783312736,0.03723153506439543,0.007581865718533744,0.004979378735039974,0.017054172789535933,0.01719647403113848,0.017466205777249548,0.006065597806870325,0.005723779759656174,0.008148044615235588,,0.005232756680763466
0.038868822080092076,0.03783911977419224,0.005574243123913703,0.10223374592673445,0.03436168024863921,0.03587558477527494,0.03574512698363802,,0.007584202085392442,0.037398193090212306,,0.01839026355118602,0.03723349136379601,0.007582100909419321,,0.017011391727850756,0.01716515689276467,0.017466497463096146,0.006051256650309844,0.0057240933686068035,0.008157170309549187,,0.005233343099943596
0.03866128921772345,0.03778875331662696,0.005577900173051893,0.10223268430047236,0.0342929167121355,0.03575904125941539,0.035334443930470444,,0.00758062891618813,0.03728927792563951,,0.01816645067973425,0.03693746788900486,0.007566712348017601,,0.017044909315120666,0.017141829964769553,0.0174281170786818,0.0054737953282816216,0.005370266157952484,0.00813906828586466,,0.005188242439178206
0.03857276779387056,0.03802231857940804,0.0055686077466453945,0.10211462605768461,0.03408802423714283,0.035896287399084036,0.034964535363870126,,0.007560725132132486,0.03728844748758546,,0.017911064481290158,0.036781731978345555,0.007467363379067352,,0.017018286138080208,0.016811893086343073,0.017298742626243504,0.005487610428249424,0.0053601257459811,0.008151158503953327,,0.0051876894841631225
0.03848793332902947,0.038000961273028946,0.005042849522700049,0.10183567464797137,0.033718463542463634,0.03579906776986411,0.03490492463507198,,0.007538947483912988,0.037074101472874765,,0.01767273963154868,0.036498675818687064,0.00745840046838822,,0.01692181038916779,0.016768143747866313,0.017285468875748982,0.005460582644281939,0.005359933642102292,0.008127680080221706,,0.0052195433569462305
0.03846659953056262,0.037625531217584544,0.005016770604936013,0.10154068510146706,0.033677197394323316,0.03580760322801534,0.03485473967950276,,0.007411515657429664,0.03707481549304635,,0.01767012835274808,0.03646601217894448,0.00743629032293525,,0.016892641471433895,0.01674179518122136,0.017273339244463164,0.005400416346586507,0.005121110909609521,0.008076805418402706,,0.0055116883077335485
0.03826121317904132,0.03712303063464401,0.004976621399578332,0.10178586778589276,0.03399531076606797,0.03560252445407553,0.03468077104976449,,0.007397368767890767,0.037190850256987804,,0.01759212298840847,0.03643276213725778,0.007403881580040594,,0.016877220147810026,0.016697632613655318,0.017059183287374716,0.005135996292847772,0.005110547707182252,0.008072768339115343,,0.005388453455350249
0.038007280659865215,0.03715644247858751,,0.10141021914636911,0.03371251746714724,0.03547395288576949,0.034408681134823774,,0.0074057489865244075,0.03695106737719667,,0.01757333630684273,0.03575849774984667,0.007388631452518668,,0.01680523059864092,0.016680912621474735,0.016911210059053623,0.005134571173461692,0.005109983792325296,0.008007239852545653,,0.005374541601390947
0.036916058488847034,0.03699590554477991,,0.10132631982669847,0.03372169510151545,0.03547190550386343,0.03411920644156126,,0.007396700694571711,0.035616391537157004,,0.0175522791130239,0.035742752232137846,0.007302456139865122,,0.016797381298957324,0.016658828564896058,0.016872906182689672,0.005135896902684855,0.004918225453438078,0.007980634873527686,,0.005370787482505931
0.03625327301695659,0.03666053645101133,,0.10131793199313208,0.03360445942279625,0.035467934570637176,0.03401049811380594,,0.00738513960871024,0.035606573310932685,,0.017420517809472166,0.035778975836047534,0.0072535051994032165,,0.016793191568925087,0.016650971669569907,0.016857645537867207,0.005072558147274918,,0.007896909549429777,,0.005364428045031606
0.03621749575638757,0.0366402969941863,,0.10132012912282182,0.03358374096405093,0.03436744944063473,0.03382061414247801,,0.007171920597156438,0.03523773978261533,,0.017403086771519208,0.035757562901666186,0.0072301902857390835,,0.016770436055902647,0.016645701169424217,0.016857122747269346,0.005071532374360744,,0.007890500692123072,,0.005244048841782477
0.036216231718621705,0.036190271783987926,,0.101228952648356,0.03321464459829677,0.03340907784639403,0.0337113137048072,,0.007173962530923819,0.03523036626742361,,0.017585487713853612,0.03439508171807659,0.007122485395869988,,0.01677756009841603,0.016605780032368844,0.01685118378498513,0.005063207733428012,,0.007627387279430718,,0.005211132006151912
0.036200274302014016,0.03651465402914767,,0.1004217269692413,0.03323875356476187,0.03328690648094301,0.03364027656134922,,0.007175745533091086,0.03531738585291038,,0.01760181964106452,0.033837602721644815,0.007066644517964201,,0.016764695020656223,0.016531969545620077,0.016819617546299747,0.00506065252140308,,0.007616389810858126,,0.005486599066831975
0.03607659847515904,0.03600181559698673,,0.09830242675607732,0.03308642776789324,0.03329628472857984,0.03361596591655945,,0.007013689721697821,0.035268719339172895,,0.017585693217504132,0.03378626769637849,0.007034280172074296,,0.016753430869312202,0.016533927446210187,0.016804579385013178,0.005055722551649114,,0.0075861686031872926,,0.005477007594421149
0.035992745540858184,0.03592568060012955,,0.09861010838557739,0.033038006695849505,0.03343339102876916,0.03346053296316687,,0.0070147326675201105,0.03508742819356034,,0.017271484990467375,0.03344318934464971,0.006957198339777864,,0.016831387365907464,0.016518162207294632,0.01666350587131047,0.005043602169858512,,0.007360325833628968,,0.005465454459406359
0.03597167884030074,0.03588351638648926,,0.0981348401648447,0.03292856725254794,0.03332749972896511,0.03300369913333953,,0.007002855898683047,0.03500556853068929,,0.017260820462383274,0.033223659287347725,0.0067842370230162255,,0.01682696507827236,0.016446403221272478,0.0168379914138066,0.0050102272522134,,0.007333371325167921,,0.005458142345482136
0.03501442649363185,0.03583632489811651,,0.09851458169796815,0.03274607010423119,0.032736904619805995,0.03272138126606089,,0.006977773183588358,0.03499608350741576,,0.01717294910984565,0.03321369544814718,0.006765476486422429,,0.016817217475045734,0.016438003551411784,0.016764502642321356,0.0050102276631042554,,0.0073015032260421355,,0.005447464425001791
0.03494354785833794,0.03561893307170766,,0.09848913496476816,0.03277286323130988,0.033359203135355994,0.0328651429712866,,0.006957736736640317,0.034921918109887685,,0.017163724994578695,0.03312383515783819,0.006749958743704491,,0.016815064620799194,0.016605336824807863,0.01674752596930663,0.0049837302303782135,,0.007268534425449274,,0.00542911712416206
0.034684874712529706,0.034792092714275656,,0.09885742300582925,0.032593620832588086,0.03315460035991296,0.032688655383722336,,0.006936071687072877,0.034721212507420454,,0.017158786596664935,0.03309646745106391,0.006628930842231734,,0.016823932043354802,0.016563634334321974,0.016745734594305707,,,0.0072402512101999335,,0.005354035095506095
0.034613838991438994,0.03463643344403789,,0.09872337684920708,0.032559140894521624,0.032984150152550316,0.03268095223784317,,0.006939644188042028,0.034572078685994045,,0.01712910113658696,0.032995611251297984,0.006625400666458874,,0.016823670676182782,0.016559718262408082,0.016736088384083265,,,0.0071435043945009945,,0.0053294226157348246
0.034621984910156195,0.03448534626047387,,0.09805862465257074,0.03253181190979546,0.03286010971256917,0.032609740944291,,0.005540859377071239,0.03457535039740185,,0.01711964349667219,0.03295112442478885,0.006574765858805163,,0.016770529494682378,0.016225127036784574,0.016722096726340795,,,0.007151757784444683,,0.005320910051553325
0.034472390186470435,0.034629154905104285,,0.09801012420805656,0.031876133664897215,0.03287451802126028,0.03264576330664757,,0.005532517989335834,0.034624952882730396,,0.017089913423355266,0.032653645923159016,0.006568899474944211,,0.016749388594167226,0.0162337615373992,0.01667305700778576,,,0.007146398522045447,,0.005314020765894599
0.03438434401797992,0.0336634515872989,,0.09659872445984045,0.03131987382461125,0.032602257815317844,0.032479355355568874,,0.0055275000529356215,0.034375552173749595,,0.017099789854115612,0.032580314294661704,0.00656873393374084,,0.016745634783815227,0.016298664808097864,0.016617831158075438,,,0.007094928021961324,,0.005311462944996945
0.03449943535722143,0.03360777925688832,,0.09661674105528383,0.03131684298234248,0.032554893288756256,0.03246632402624632,,0.005539544514771183,0.03413340941240874,,0.016954915244919423,0.032658186028159224,0.006551074600126381,,0.0167411511905467,0.0163013154475064,0.01662420854751468,,,0.00704108214149351,,0.005311016522626471
0.03436588698078864,0.03360493385765891,,0.09666917754999668,0.031168481896592704,0.03245549870695828,0.03196133812490784,,0.005545030285217213,0.033958128668645664,,0.0165931364226122,0.032315781244264465,0.006524154533952929,,0.0169044249838848,0.01629630970883559,0.016615967685155393,,,0.007024849310261537,,0.005293564944940254
0.0340417924020891,0.03360411447567331,,0.09667320313395647,0.03144008869621891,0.032171314437559766,0.03187137071262205,,0.005519961887245561,0.033814064691746325,,0.016580566524322677,0.03217297791163386,0.006456038233092318,,0.01682505133843466,0.016302873884292916,0.016612593201608034,,,0.007017347076047919,,0.005290275899330325
0.033865978603459454,0.03304683692377577,,0.09642400655816341,0.031321472415378554,0.03209965616438011,0.03165180788729763,,0.005515139878122567,0.03364160630592281,,0.01650774001366054,0.03204683828887263,0.006431798698524021,,0.016811623109307224,0.016263875097347145,0.01659026929859342,,,0.006696252431524832,,0.005150540685501821
0.03385832801972587,0.03303383051914061,,0.09643403655516708,0.03132047980265511,0.03169356325027446,0.03164389523394708,,0.005510471061893069,0.03335437483165576,,0.016507518408330896,0.03159152530836398,0.006425244124064255,,0.01680060693572755,0.016215412981646138,0.016499333400345546,,,0.0066943567973588025,,0.0051510327663241715
0.03336048375708642,0.03302708616693977,,0.09597106483517376,0.031288253095622325,0.03151720358880463,0.03172164802959683,,0.0054977547248064714,0.03287696783299949,,0.016498426578705903,0.03109882449989516,0.006423095275726331,,0.01675090834037319,0.016202667486579343,0.01639704459422322,,,0.006625055598065135,,0.005122031343866753
0.03326066711608412,0.032937125546630905,,0.09595098770223379,0.03106825909547384,0.031431526988725284,0.03146732944899108,,0.005481549157057096,0.032375917786494575,,0.016497927770028467,0.031062368627435707,0.006418681091635977,,0.016755601083892468,0.016117081953948384,0.016345722442157096,,,0.006601636108279939,,0.0050849756577175855
0.033314928391558724,0.03290704466923577,,0.09592381686587496,0.030991641580424337,0.0313751104355115,0.03136635663978296,,0.005433087285594601,0.032331272457057844,,0.016474783871654835,0.030706141955630286,0.006395329133386214,,0.016690480281035248,0.01609952339177336,0.01633725643243491,,,0.006548586476880638,,0.005081132905625751
0.03326285117581119,0.03245435057185524,,0.09550824547818534,0.03067984741084955,0.03114024714790755,0.031240278270811248,,0.005422012447319727,0.03227995288915974,,0.016455139257070105,0.030639161671021296,0.006385806494753557,,0.016611360298343984,0.01619672364138039,0.016335108195226506,,,0.0064924269709797765,,0.005090307164233682
0.033110705010678546,0.032252131274136585,,0.09537584059941376,0.030554929027230397,0.03104340457949183,0.031138465887274626,,0.005419896951095637,0.032194278769036355,,0.016349459492562432,0.030537511106548582,0.006370805366664947,,0.01660424961929479,0.01616407122397304,0.016208004570134486,,,0.0064991401614835345,,0.005088125157532313
