Iteration,Top5Similarity,Max Comp,Min Comp,Centroids_saturation_low,Centroids_saturation_medium,Centroids_saturation_high,Random,LHS,K-Means,Farthest,ODAL,K-Center,Random+Top5Similarity,Random+Max Comp,Random+Min Comp,Random+Centroids_saturation_low,Random+Centroids_saturation_medium,Random+Centroids_saturation_high,Random+LHS,Random+K-Means,Random+Farthest,Random+ODAL,Random+K-Center
0,0.0805752983442991,0.0611914887118458,0.03211519691518921,0.042597479921749934,0.040199667917768175,0.04145564512244872,0.03966417730208886,0.034486042393063174,0.02560328669984206,0.029590612849936908,0.1326487510142778,0.03300491510943499,0.039286574743722276,0.027681290435606475,0.02902183400593663,0.027593509169530638,0.02733846246400625,0.027620576725543987,0.02412118772328075,0.01834342727977164,0.022624460107071413,0.027835549483625606,0.021550265914183308
1,0.0602069611555354,0.061194573190142196,0.032764048920283194,0.038715969131207374,0.037618812121959826,0.039058611356916864,0.03461684606896272,0.03228458894505637,0.02477632311470484,0.02781425071687633,0.09114357544831109,0.03328944020841375,0.03319388604253693,0.026708921332768372,0.025601576201750964,0.0242446708819843,0.02429860211017849,0.024999861115848447,0.022267046271612263,0.01774603561311211,0.020755473290474252,0.023770683457582258,0.021468756729681248
2,0.06285311175805779,0.061191692642352594,0.0469554401452486,0.030081107418593746,0.028441589140586233,0.030835587327638653,0.034977120998818764,0.03730706908166776,0.02247989243221577,0.027262979964358523,0.06637466804619471,0.03253758260259257,0.03081552882934137,0.026932082999015318,0.025348084564870012,0.023723652002777117,0.02353723723919146,0.02317005844550573,0.018537610833494787,0.019149581864436018,0.02094832894348029,0.022804204243539683,0.02219155334695404
3,0.06491404922261931,0.0611875334562744,0.0451875230574832,0.031041828514227883,0.028283816517036032,0.03019780733522645,0.03415558096516286,0.03437248908531681,0.0215662886710959,0.026861458116099773,0.05754213005546597,0.030551011472381605,0.030912857551087948,0.02667132110092301,0.022926507345620375,0.021908699879207037,0.02314367214193615,0.02312379719465383,0.01773955021907441,0.018602164686776706,0.02131207529306139,0.02235040791061135,0.02114509828731368
4,0.06592113248249651,0.061183080546051496,0.0451095986468829,0.031465118908202375,0.02835730311873369,0.033612289121969154,0.032196867384464464,0.03189501554279202,0.021254721052945843,0.026574996360981512,0.05394859616083556,0.02727263114268998,0.031630992696099536,0.025019092007199185,0.022902013411831484,0.020423960820942798,0.02001860824980557,0.02309915944949916,0.0176777098643292,0.018690441843567808,0.02089432744523529,0.021744971406997052,0.020677142989992243
5,0.06691382872421202,0.0611781849990208,0.0411219221202419,0.02971716284837068,0.02795601769592456,0.03369378992435874,0.032158748843918845,0.03214412656859831,0.02215152601391766,0.025657203969180392,0.05190508302677131,0.027959955122017897,0.032314588471650516,0.02504871501869599,0.022342753132909978,0.01858935458900134,0.01985669308561696,0.01951289823355015,0.01894335716634531,0.01880065976665938,0.02134515965575507,0.02167926191304562,0.02011162749646281
6,0.0721622431657496,0.06117279920000919,0.0387980166388478,0.029350385347293173,0.028124365977362044,0.03451274708579534,0.029721106253973333,0.03147299085582364,0.02204429543215582,0.025380225945358208,0.047701702098632524,0.027907053801933868,0.03130135259015719,0.025332043635050337,0.021161238162662306,0.017511953170021948,0.020226902064578427,0.01926804358459696,0.019591322713816132,0.01971248790914306,0.020965720993889627,0.02134003039826936,0.020152822116971038
7,0.07263482912356359,0.0611679832844456,0.0380805064047497,0.030194973669766666,0.030731353495368596,0.03390213414625643,0.029635192784909947,0.03127382060623278,0.02241619525335712,0.025545121402014183,0.047432349255866424,0.02743267995615391,0.030959898593321582,0.02382467278621881,0.02041867097889603,0.0177726042601987,0.018973720944632972,0.019621649452681533,0.01921543709708321,0.01923806306365864,0.020757295587765193,0.02109880801979755,0.0192611142131381
8,0.07347651719525809,0.061163617722187494,0.038086738881451594,0.030065661471622783,0.03201949179183251,0.0342290232342783,0.029939510811411184,0.03129473653359094,0.022430192368510037,0.02442291264731882,0.04719080721978549,0.02813465491368259,0.030602555900169515,0.022709559493299565,0.019059994050275565,0.01723907276337819,0.01848537786085129,0.01957772303271022,0.018243266741046302,0.0187389520641165,0.019351338645166777,0.021227637587359287,0.017689426586272154
9,0.07231148614067272,0.061157757485411815,0.038357432277832795,0.029914481452759024,0.032368063206660073,0.033848344853320875,0.030431064807172732,0.031030954332069722,0.0226281277409199,0.02444687279051394,0.04614313202609081,0.026376899589520875,0.030334995468793174,0.02079865558957903,0.01782000310234825,0.016779732990770527,0.01884506622069581,0.019569698301326183,0.0175815183367327,0.01741806470668684,0.018637142296533318,0.01979934766968431,0.01733562665594373
10,0.0703333276396304,0.06115181237589,0.03737897861418181,0.03095029676602747,0.03250734596162257,0.03432828389702753,0.030165197990660957,0.029699357941248596,0.020738667883390353,0.023812129311831017,0.04422140902173716,0.02449165576018291,0.03016370821499369,0.01828045639916594,0.01696532277082858,0.016332237905701093,0.01878910073406617,0.01980999218148704,0.016575130513474416,0.01712489892087881,0.01757564977254438,0.01961567680995735,0.016086685369296392
11,0.0693439779705516,0.06114891623519848,0.03702187719089269,0.03169955030689563,0.03253138789957167,0.03455479299370442,0.029765866723275997,0.02999586727860935,0.01990342914237541,0.02318202082618771,0.0429032818196313,0.023844695570917118,0.02936428371873054,0.01647887094797347,0.016084810403489018,0.01567911979213727,0.018515548457116348,0.01968350745432483,0.0140963170123827,0.016663995166830873,0.017293723617028224,0.01805935690955601,0.015396682556128513
12,0.06970427904864261,0.0611426802377254,0.0362086129690703,0.031620943122982095,0.032466427608251434,0.034476186075973955,0.02932454592626183,0.028807458005721487,0.018869179671488392,0.0218867405647716,0.041011498058434605,0.022663583708308253,0.0282896378320867,0.01533223436172724,0.01515248813680646,0.01523760281479182,0.018342600477292546,0.019223500255548948,0.01320980495587098,0.0163726782547729,0.016824360836535414,0.01737202740875967,0.014609805925882399
13,0.0702436909861831,0.06113681244206011,0.037146791666911906,0.03112149647922563,0.03316716259034773,0.03444252174351568,0.028605582981240284,0.028495369966337048,0.017636416641115198,0.020466979221731206,0.03961645995523212,0.021553972462870743,0.0283577267784556,0.013467925831383083,0.01420668716346383,0.0145118009181368,0.018093490007667877,0.01922362210624267,0.012887736646474201,0.015599378388303562,0.016602786869990727,0.016722276995129928,0.01444357153403088
14,0.07045603037597949,0.0611311036748885,0.0370412514654519,0.031537778625295554,0.0330779069881342,0.033830629175984964,0.02835372437975655,0.02863467072233466,0.017258821334961514,0.020288253381636038,0.03866392231495485,0.021304239929147043,0.02773292702292403,0.012080295064999528,0.013932254859680252,0.0142509933032464,0.01769786066193229,0.018934449844248642,0.012213920745923609,0.015075506431437648,0.015634082421420663,0.01589897791188199,0.01362896540145098
15,0.07032665473084658,0.0611252049637158,0.03677942151453711,0.0310282805124426,0.032648879074501196,0.03358109638867503,0.028233263557706854,0.02860378813536339,0.01655010827017518,0.01949342486988255,0.03872149506919145,0.0207578065950461,0.02699806408585852,0.011378950094350521,0.013483659235879178,0.014016189193212989,0.017468604897461194,0.01831525028750624,0.01172553088113985,0.01426744316867595,0.015173846917482848,0.015298420369682148,0.013344594252978029
16,0.070515767899467,0.061119287669706604,0.0351838587918153,0.030825995885186825,0.03237598648326454,0.03348721105599167,0.028056158068647075,0.02866657612555234,0.01565377961185157,0.01934783491180716,0.0387357359152778,0.020275995332606524,0.02677187679873891,0.0108121989534492,0.01332343129538113,0.01375271144866234,0.017020529443725223,0.018184047630257442,0.01135913128621108,0.013560168791230408,0.014630373002857591,0.01469982537036329,0.013123544391240008
17,0.07009258834240181,0.06111339978637771,0.034457221726743995,0.030522929609274368,0.03196482901180571,0.03365622057538485,0.02772939028264238,0.028488985455224908,0.015318610089312113,0.018920682707523513,0.037725855795147326,0.0198122421464794,0.026399903901636806,0.010205366664550629,0.012809452334340313,0.013521173394062868,0.016735224267765813,0.01791605606071011,0.011123847047568561,0.01297526975991824,0.014553244078926017,0.01369797327015001,0.01304211170279267
18,0.0692135020792868,0.0611083666488899,0.03364980837821101,0.030471365596237494,0.03166963123817819,0.03336170181519378,0.027300701622237983,0.028067058786804322,0.014682536492174042,0.01841576748747648,0.037652639114686956,0.018782910032131166,0.025545158868899808,0.00968862573703491,0.012489478020243357,0.01342834604172415,0.016165340501342447,0.0177649503187369,0.010984011968263941,0.012833576847842518,0.013930964022697362,0.013448106093248017,0.01300806652910178
19,0.06955470015276859,0.06110187457724921,0.033577136579550096,0.03077740464339803,0.031506731705071324,0.03299984292227446,0.026863927438004132,0.027860815718481712,0.01391150436026116,0.01799306803899557,0.03587421444190377,0.018526347208335247,0.02524356541938496,0.009539845589664241,0.012340697123144088,0.013345679404073978,0.016111432024475403,0.017067107267380408,0.01083957100594601,0.012679985809716183,0.013659449545631669,0.01295618965658193,0.012891413554552209
20,0.06664763226228479,0.06109644869760379,0.03215464312059961,0.030535686242477895,0.03126586168672121,0.032917332252704073,0.02637190742657396,0.02788356070029374,0.013720321788969588,0.017742905000721752,0.03555010696952424,0.018138483374034432,0.02492027746770962,0.00923603257680922,0.01194418545740486,0.01346404891233553,0.01631325810872717,0.01714437541434222,0.010580978364376669,0.012067414811618481,0.013215716010665008,0.01262736395480224,0.012417172349003629
21,0.064844476678119,0.0610900660103488,0.031189283501105898,0.030103297039676857,0.031102396276841575,0.03193314130978855,0.02619421577299222,0.0280577258533121,0.013417186716696169,0.01747574876086515,0.03506652239846613,0.017884608487798402,0.02443286003495148,0.00890262024186425,0.01180205001905476,0.012869097537979341,0.016116220219710632,0.01714184271511604,0.010366036549894212,0.01204133223455626,0.012866532205397102,0.01250694112793301,0.01191012403085121
22,0.0656562847043175,0.06108478768050209,0.030961704846140296,0.02995513374771992,0.030960048693914,0.03211921652362409,0.02571562689716756,0.02759968411173398,0.01287929805335487,0.01743449760048739,0.035244084675312204,0.017576262791699018,0.023501086295962877,0.00826270485903012,0.01160450701023454,0.012802096219772602,0.015966742188304153,0.01702035932273603,0.010136776445312249,0.01182050808998496,0.012508146163190658,0.01241742094750002,0.01170635219996156
23,0.06730421331519579,0.06107964486833049,0.030425778964207194,0.029914650217495658,0.030919976942507265,0.03198996171282556,0.025503243552928913,0.027686897950984078,0.012516257482779857,0.01718001963210644,0.035025832984759885,0.0171171983120499,0.023055724246667703,0.00799956765511079,0.011223355135953909,0.012630008201646841,0.015596324789228252,0.01675516027636544,0.00998860243361743,0.01154630684256205,0.01218034261936722,0.0121141497538276,0.01163646771659178
24,0.06520796931742631,0.06107311353200219,0.0305935691834614,0.030005738501038992,0.03092802648751407,0.03192238276604213,0.025619969337244947,0.02718292564463854,0.012123905136043221,0.016880891739316013,0.03470069307970275,0.016900323525213687,0.02271534091271999,0.007819994542911901,0.010991410437308249,0.012409886393231852,0.01520690300681245,0.016562704227501637,0.009695737473968338,0.01131352199454563,0.011911925158973923,0.01173260157758152,0.01140545541124229
25,0.0640083326001485,0.06106793985413829,0.0303024135007225,0.03034732471711247,0.030866447736410285,0.03192475308800265,0.025407403630293257,0.026967302635353168,0.011670358560262899,0.016601957470056508,0.03395686278109154,0.016648057978700868,0.022509401299283492,0.0076456720614400606,0.010633131281180819,0.012366056929993909,0.015087360797273802,0.01648111271003299,0.009451111121103428,0.01114443044967077,0.01183521679185914,0.01143393582900103,0.01121673834480919
26,0.0648877757090577,0.0610625448731927,0.029806917546138505,0.03017144274639081,0.030803419518060433,0.03187354933149957,0.025362167183330814,0.02733946680209176,0.01118404605684312,0.016452707739683207,0.03404226010837559,0.016417389188629748,0.02215120738510336,0.007477235897362379,0.01039961167580188,0.01227628892338499,0.01496241789388616,0.01633840078915409,0.00900352348378584,0.011080491102471791,0.011636795755522218,0.010928071923076028,0.010775545557184579
27,0.06504732287038319,0.061056173166675096,0.0298819754172727,0.030137700186400385,0.030855527762409664,0.031817474191973644,0.02538799957169451,0.02723871385217812,0.010923004663740351,0.016261282824596598,0.03330344400572198,0.016061462875928308,0.02193280840231121,0.007236414504564912,0.01010233200590439,0.012129436138952369,0.014682533604614762,0.01609567606859253,0.008712769084299948,0.010799458034890321,0.01149261327507747,0.01062546335039076,0.01024392817996445
28,0.0652217951338726,0.061049833048024485,0.0298500728769859,0.03005141483876228,0.03074906458798336,0.03161747940887312,0.025374367298546845,0.027178951641676025,0.01073067814026514,0.01609691557184264,0.03302852818708366,0.01597191300656598,0.02170699138754625,0.007053583720157861,0.009607433656573,0.011901699956540822,0.014450264410117703,0.01584229978010002,0.00859820475878769,0.01040190536032705,0.011278782443754829,0.01025943358493598,0.01020337097913719
29,0.06260928887379522,0.0610441794583139,0.028922704620647895,0.030045650565472752,0.03040010354927734,0.03128938907372142,0.0251513595297821,0.027075318214713533,0.010664226218188131,0.01587376443220494,0.033045138434518784,0.01569778284871027,0.02131542351659553,0.006982452750731061,0.009211133465337931,0.0117976975135415,0.014300116555937941,0.01576841016645044,0.00832196231153607,0.00995476112090252,0.010891682166638921,0.009906139520613848,0.01006518715014984
30,0.062343120277625105,0.061037410061099986,0.0285217985057708,0.0299389853096913,0.02947778503291045,0.031085243328224883,0.02418072809017751,0.02734873566879169,0.010740642369757272,0.01575989277007906,0.032885010054369654,0.015310253191553649,0.02104260299255028,0.006713994348660639,0.00906238947681388,0.0115232833574497,0.014088225343767097,0.01551609404503925,0.008305792900620489,0.00972628646178957,0.01074917217506193,0.009591189526349308,0.00987553325834507
31,0.06224182052414161,0.0610299758224148,0.028369049896802605,0.02956314209791257,0.02876054426176497,0.03085251096753479,0.023994747043339693,0.0273855531837488,0.010628075179980729,0.015407081403926349,0.032892006104819856,0.015255763040278297,0.02065170377074629,0.00654715329402811,0.00884910378565535,0.01140321109636453,0.01398746338754953,0.01530308803184979,0.00826676955529653,0.009387180682414061,0.01039157659820045,0.00925356712626996,0.00969690312477685
32,0.0624425229391949,0.0610220891604286,0.02814684724336349,0.029372375121999795,0.028568513414865614,0.03081710195229368,0.024116764418659762,0.027402911422492165,0.01034282353658055,0.01532929059602737,0.032479648294904725,0.014949401521584513,0.020497941859450475,0.006462457498662149,0.008497379105724,0.01133166649893038,0.013765499141326359,0.01521112129151322,0.00809369453150236,0.009134428424385499,0.01023488424052483,0.009105316414854592,0.009684582537007689
33,0.06097190969729881,0.0610149790697473,0.027835374332103098,0.029270911483242217,0.028608836217434874,0.030778176171470866,0.024146903617112428,0.02735114853139911,0.010320266967217929,0.01508852346364716,0.032255695588985965,0.01472404284326688,0.020288100504742917,0.006363184001212251,0.00833513239694978,0.0111715787078542,0.01366905877632717,0.01513269412629191,0.00790885751380538,0.009017690177237598,0.00997452763444305,0.00898642761681325,0.009543419120468131
34,0.05677134483924649,0.0610076228252225,0.0277959981635161,0.029318269857429267,0.02875960615054942,0.03063388643612831,0.02389835586645721,0.02736317084249628,0.010063292060231396,0.014997715746350662,0.031485433704657374,0.00943362431425581,0.020211803304941434,0.00632352263118368,0.00828194301716629,0.010989200290195001,0.013480606375986201,0.015046618694616262,0.007769571776156159,0.008919132142608869,0.00977610023408416,0.008701995615605692,0.009076621829732363
35,0.055241540719778895,0.061000061585398294,0.027063755005772495,0.02933794224366824,0.02871035913814639,0.030456684449360272,0.023775282440818727,0.027320675920595172,0.009802662847425928,0.014661959333201099,0.03081177592514245,0.009510640086358168,0.01995367915496516,0.006262408006381811,0.0081821054921957,0.01095107708549919,0.01325130328441117,0.01500197731660884,0.0076611450392139015,0.008791163619599373,0.00964031741647262,0.00852600821431514,0.008928995154486159
36,0.05527213383241579,0.0609983784390644,0.0270462379503918,0.029280771559636043,0.028876222351412694,0.030260369993493463,0.023697718815732273,0.02729195321213207,0.009536363285458229,0.014390457704279491,0.0304752709092966,0.00926693315133276,0.019818153897617118,0.006253731094409259,0.008016552157135488,0.01088264687723146,0.013165373047970849,0.01496302539135983,0.007435126002284601,0.008580055300007699,0.009411563483659399,0.0083299839350461,0.008796314191213012
37,0.0551100811328505,0.0609909719131666,0.0270416406019158,0.029129113790465046,0.028728969473934295,0.030179473463697683,0.023620308894843935,0.02544571336124593,0.00952273782541982,0.014206842156484201,0.029829519712002133,0.009111186336434809,0.01978522672802854,0.006193669372940211,0.00785468724156957,0.01099748437271443,0.013026918353448741,0.01485671297828887,0.00732066351359612,0.00839724002388916,0.009269707677710978,0.008211934262687678,0.00874512854837269
38,0.05495722099897919,0.06098357603838721,0.026559136561880907,0.029194806273616102,0.02848185968327708,0.03015402812760119,0.023585063894798478,0.025233090417493675,0.009402508423849489,0.014054674027781997,0.029538663664504177,0.00882094528616598,0.019321991528052092,0.006089901254648049,0.00772850198143178,0.01094034043404506,0.012834571728134658,0.014784496055863058,0.007147161567224239,0.00833383393628305,0.00914349064195025,0.008030821709766399,0.00859616514617585
39,0.0561979586326814,0.06097641556276549,0.026507134241177795,0.02925961657793636,0.028384660732034488,0.030052733526562438,0.02330369535483367,0.0252376380165428,0.009820095435674199,0.01398844185069146,0.029118194376970236,0.008622050412331932,0.019162086347378822,0.0059903632537077894,0.007595717774215051,0.010872090072546038,0.012693081237644042,0.01470979427925525,0.0070138112255360595,0.00824562267011015,0.00885170958935046,0.007702639149848839,0.00825943666796602
40,0.051229034381479896,0.060970738862482984,0.026415966961199598,0.029194559904116325,0.028356228395710847,0.03000247437106967,0.023282307876995534,0.025155138027636297,0.009663978130338901,0.01395552819985583,0.02892825585462318,0.008467332106437589,0.01909451501212438,0.005813380088930201,0.007349820405221011,0.01069337062378517,0.012562877493600761,0.0146208248372732,0.006926691606013962,0.00801901947132613,0.008675044485532349,0.007669717400307699,0.00815069235365574
41,0.05119650832573559,0.060964813294333495,0.026348581084258103,0.02925577309541087,0.02827139867777061,0.030246021158712205,0.023060466444834362,0.0249933207624069,0.00963655435759501,0.013829300965608238,0.02888184400693184,0.00841183462504486,0.01908863320665627,0.00580130088788496,0.00733159343584448,0.01054175108007449,0.012395064223022431,0.014463709877965492,0.00687453037069329,0.007999398505661,0.008713434000377709,0.00760349440018072,0.008049035081888518
42,0.050975471933509806,0.06095770885562911,0.026359026713197696,0.029272599977919922,0.02816346084602143,0.030140642761567936,0.022992031864009714,0.02489923711831373,0.00949008491015762,0.013705490524454151,0.02881473843767332,0.00820302062081323,0.019022207659962254,0.00573295025954495,0.0071851891521623,0.01041654950516902,0.012189861211673689,0.014348311036373329,0.0067923265857082,0.00794031091181353,0.00853198660235078,0.007505873727742041,0.00797537991493688
43,0.0508230872614092,0.060950529371142884,0.0257687184818364,0.02911395408088051,0.028233094244123118,0.029914807409680784,0.02282733124504328,0.024568533326385655,0.009430291136720177,0.013653861947079718,0.028610281401978473,0.008021479793980178,0.0186698597657642,0.00566401119646199,0.007057553309444531,0.01020666787394158,0.012044761721969,0.014066960858268973,0.00660818966371952,0.00782819564110954,0.008447382009804081,0.007427819183723451,0.00785188777434164
44,0.05074052794250279,0.0609447096540416,0.026258040311077403,0.029096219072025087,0.028167398428102064,0.02964028456128623,0.02272586504966658,0.024555929503005662,0.009203307596958189,0.013639256642064931,0.028368148126606502,0.00784962712503662,0.01832192386208485,0.00560926038978701,0.00696430047060396,0.009997398863343169,0.011807898856465071,0.013906166102030729,0.006539026140225851,0.007768897022117069,0.00828506893728633,0.00736648992368191,0.00774360454961136
45,0.050656523368070014,0.060938580116868,0.026088586643916604,0.02888004091697776,0.028092820334798662,0.029300037939187666,0.02263564061629441,0.024342198926369893,0.008992880816144133,0.013552896148025392,0.02815039178291805,0.00773570354200249,0.018239885489002933,0.005710151483584363,0.00677466118275938,0.00987712059906725,0.011526022788343452,0.013734580434503929,0.006521285892739351,0.007704164250431279,0.00811935990291864,0.00725407210928255,0.0077496945596106205
46,0.0505329003281495,0.0609326551714713,0.026191505667290303,0.028971619329767058,0.028044653876437602,0.02917128651303657,0.022632758905571572,0.02430676739403267,0.008945321596820065,0.01347174641751082,0.027922241760558873,0.007508896011097101,0.018028194985824697,0.005631232971578763,0.00666768289219141,0.009706807083656049,0.011373137919235601,0.013673899502848249,0.006455752683218021,0.007583660438289991,0.00803088096852141,0.00719916042549088,0.007623828424256449
47,0.050226893843366996,0.06092517575560309,0.0255457094352256,0.028786693107146998,0.027926791367939602,0.02900612628092768,0.022704516500383472,0.024133015762017793,0.008837753967201179,0.01337022192295225,0.02773530305412002,0.00737900261505431,0.01795506408297194,0.005544579225428075,0.00657921033194295,0.00957321367592193,0.011289949106938642,0.01352153238255695,0.00640762920887384,0.007488794170392702,0.00797583442109101,0.00713336474685991,0.0075780364635796805
48,0.0498555286532485,0.0609184591496957,0.025421437421041602,0.02880080925724579,0.027946122387388344,0.029538570567500467,0.0227232023851025,0.023670854983578512,0.008794431839646401,0.013189946218261361,0.02738589895787587,0.00725742195236691,0.01791170524928268,0.0056551351121416835,0.006452920418871052,0.009499440771193282,0.01123259102162925,0.013418683637066619,0.00634681534626345,0.00738272457795813,0.007916874043881361,0.007008193609886501,0.00746257387745185
49,0.0496871124496468,0.0609108827248929,0.025349345615185905,0.02876579311635502,0.0278661157676797,0.029658458847739717,0.0245874702760869,0.02366473813188539,0.008752918419787124,0.01308427305508687,0.02959576367781115,0.007209165455251331,0.01784335699663032,0.00564121212271268,0.0063697733266075,0.00945635583777422,0.0111737727056846,0.013366388033251641,0.006311366329115049,0.007291205788757769,0.00784985011647859,0.00692865860914669,0.00729612828732832
50,0.0495223708514363,0.06090076424654221,0.025258133156541497,0.02880201393084771,0.027762800425182137,0.029575508540077584,0.024303118731705056,0.02347291683600929,0.008728000058911313,0.01288752447948768,0.02929943065718973,0.007093895619827149,0.017595238635868447,0.00557900891331118,0.006262927518813339,0.00936204093776639,0.011139147762637422,0.013250066562548096,0.00619576935648007,0.0071660882675399105,0.00781881859190321,0.00680578492682552,0.007226855167957569
51,0.049232895803016395,0.060892685168260616,0.025168971853502704,0.028809827901486156,0.027644891824334612,0.029421400449234948,0.024127291749232026,0.023252502302896726,0.008612138295734588,0.01268158739866879,0.02910702142212299,0.00687511691783024,0.017538030847230462,0.005732725465072075,0.006159798910313819,0.0093003600292275,0.01105336539872218,0.013119290403890288,0.006145326799454429,0.00709007908025504,0.008145708872258666,0.00679102508045118,0.00714933749626537
52,0.048893856427533904,0.06088468687579261,0.025179814955628897,0.02857055012368643,0.027345556128051268,0.02937004344991358,0.0239044779900426,0.023219823242302588,0.008978059305654576,0.012583391285480422,0.02891816747798237,0.0068125747867663,0.017313819307862,0.005687136892765025,0.00606415763660253,0.00916278098948286,0.010986029104563439,0.01312907529878204,0.0061152802980260195,0.007021855332448509,0.007966928506164001,0.006772839863315309,0.0071020641383530096
53,0.04846991896164031,0.060877376405804,0.025287850281008196,0.028432892013248688,0.02721335534434104,0.029116165415376326,0.023715710993662598,0.0232349007461402,0.010489618691902666,0.012408587401537998,0.03172212543889747,0.0067478538499631,0.018468496367927644,0.005607767485777476,0.0059789201734955204,0.00911594877905865,0.01092682204590144,0.01298072031372908,0.00606178199755906,0.006897406723454712,0.007956451673535389,0.0066564609747019705,0.006990079276380399
54,0.048241001755349504,0.060870637993980306,0.0247870710598449,0.02838607585059739,0.02703407440194059,0.0290339371792926,0.023594210490045325,0.022683650504282973,0.010409857215236601,0.01235230415760868,0.03154269024379434,0.00667382825177875,0.01830607192402111,0.005527279829087274,0.00591245062718469,0.009005760915064312,0.01088231700638682,0.01293865829937021,0.00598109554385225,0.0068294308318578,0.007843818522306777,0.00658869816823545,0.0069470204439578105
55,0.04800400080535581,0.0608655611858019,0.024658655478558302,0.02844621970059432,0.02695396077561993,0.028881311786377272,0.023514663686656296,0.022651410273547612,0.010379818474920465,0.012263558811555391,0.031187096769325365,0.006659284784295609,0.017957931912340887,0.005541883800247076,0.00593080246649738,0.0089494681027113,0.01082571062379059,0.0128459016747785,0.005912149293031311,0.00678921508298171,0.007757567310158122,0.00653752548672967,0.00686192710532593
56,0.047684103329770196,0.0608583439395516,0.0244660213110024,0.028357217231606353,0.027102374449416232,0.028774403375517822,0.02562033780694866,0.022711224810117038,0.010135632996138266,0.013016582100373479,0.031098577847607375,0.0067837691180205545,0.017881460094323665,0.005735573467979733,0.00583987161147641,0.0087899461385132,0.010805509280349491,0.012760525487943342,0.005887362337762091,0.0067556134177667706,0.0076856869599441,0.00645211032017072,0.0067632150663987
57,0.04759554333767511,0.0608483656638296,0.0244470798164142,0.028349944449241958,0.02704455132469965,0.028708047288074728,0.025465110396659003,0.02265864107455655,0.010039701106979266,0.012931937367467188,0.0310013268423944,0.0069118834880600635,0.01780430184360787,0.00610827530587915,0.00582027508496779,0.00870449977396625,0.010721112659149759,0.01267268686425703,0.0058406354495768595,0.006685860585894131,0.007644372128370377,0.006261173210157919,0.006664316889359481
58,0.0474092387827894,0.06084173634355371,0.0242900884193305,0.028134252883288267,0.02702542721229375,0.02855317201331467,0.025147823047359123,0.022538404343839268,0.0098939841619425,0.012727539313335156,0.030582011546487424,0.006875556599033264,0.01759012247755929,0.00594808923264015,0.00578573729547515,0.0086206886777512,0.010684391093243128,0.01246728795914576,0.00579669438859571,0.00662719239018703,0.007546051799753934,0.0062226214110851705,0.006606377346611339
59,0.04738630131779199,0.060832129565221896,0.0242685829909281,0.028075592166104092,0.02684358900676903,0.0283452165766149,0.028011792797868983,0.02213929530099773,0.009774558855061968,0.012670512273419466,0.0305439482440408,0.006815775854916575,0.017575075886170542,0.00593053415790435,0.005675971817430769,0.0085636301749252,0.01072957490281885,0.01237590264584491,0.00575827353902829,0.006543740454153339,0.007447783071888657,0.0060675468035968,0.006709784108939122
60,0.04730722181521319,0.060823066035969,0.023905482061057602,0.02804211586574303,0.02667151867428804,0.028232782187160892,0.027614181654161414,0.022127442302719822,0.009567152225826749,0.012492555225442176,0.030560900836977236,0.0067407712799021895,0.018916691383210088,0.00590109800171605,0.005608545317313781,0.008525858171495402,0.01057975906653121,0.012354571688177472,0.005672274665655791,0.006484614055520281,0.0073807292923420325,0.0060358832544805995,0.006712580232355556
61,0.0470104029345707,0.0608152040927897,0.023479180309365497,0.02791692982195943,0.02646402649764108,0.028178617505916593,0.027479536059062188,0.022102649549731318,0.01022537965589706,0.012337788627702276,0.03050090067293969,0.00668640863203095,0.01877672558047225,0.00587481050615455,0.005545893283630821,0.00846511583756668,0.010569552980290923,0.012225533381644869,0.00562401297439172,0.00642361274441762,0.007321570164956899,0.0059939536437708905,0.0066218060397243445
62,0.04611974409817549,0.0608075039985703,0.023260216441348004,0.027858702906234812,0.02634899767387362,0.027796487783896602,0.0269719147899234,0.02215738117927952,0.010150895158604841,0.012225401639770943,0.0306284549149142,0.006660450892399538,0.018756079346692187,0.005868215404108,0.005603428494700423,0.008461676497088679,0.01053971071197583,0.01219195629830617,0.005586326959477911,0.0063663568812382205,0.007245692641526299,0.00593549282241026,0.0065762518424872995
63,0.0454108375045676,0.060800076880437995,0.023194485440240397,0.02764950443952483,0.026311183991654614,0.027590495509656636,0.026863810694057282,0.02208781162699375,0.010029888350568821,0.012202822648374613,0.030636022838767134,0.00663516825045405,0.01861403504468065,0.00564898890013395,0.005512440798015133,0.00840805763120121,0.01044490867298482,0.01215625364530706,0.00553867379777102,0.006302822658395249,0.007510499959362475,0.0058077577597296,0.006548738942265943
64,0.044905064337193205,0.06079204693674341,0.023104290168061804,0.02756891305979902,0.026269914118255557,0.02743928669218291,0.02678031606350883,0.02208183728155011,0.0100227101026954,0.012129279556676609,0.030608113242706972,0.006884650942828185,0.01845362201206455,0.00553032478085035,0.005683716314846572,0.00839775130330659,0.01038717067180701,0.012075110058291632,0.005521342406242749,0.00623296588943737,0.007453806570889487,0.005769185746450021,0.006510978637214834
65,0.047458172295475394,0.0056246524225914,0.022900590585636003,0.027535040501908886,0.02610206663894929,0.02690391438762068,0.026760566880819858,0.0220858994021981,0.009940727042815902,0.012796645274589449,0.03042285491890925,0.0068666957666218,0.018396438217868898,0.0054907571840862,0.005439465953906472,0.0083302270978074,0.01031119105208541,0.011984414461370147,0.00523693787563707,0.006203514283700311,0.007437355734473249,0.005825154165246367,0.006424521093096389
66,0.04698445812445529,0.0056398475029239,0.022901713405498295,0.027430902560318705,0.026072987869574,0.026911351739907042,0.026753876048306542,0.02204366628571626,0.00977679745288114,0.01276960805166235,0.030485013217187534,0.006835028440993244,0.0181873895930748,0.0054611612957761995,0.005410819099635815,0.008617841252522379,0.010288546617119202,0.0127803221834766,0.0051309543668474795,0.0061405698500545,0.007411604251519875,0.005798872358214777,0.006364375890281433
67,0.046214119442756,0.005805134795169199,0.023044726389577396,0.027365218520924238,0.0260144180469213,0.02683748979341889,0.02686235248560393,0.02194881274325566,0.0110018933884306,0.01266000220654735,0.030417795202107537,0.006788100383890214,0.018246850847549772,0.00538547640170355,0.005387142959541533,0.008642651666580878,0.01026009948498525,0.01259880925341671,0.00499499336686354,0.0060922873067077495,0.007307154722002025,0.005611497456103678,0.006315484477569655
68,0.04629696861355039,0.0057922680886276995,0.0229984352233471,0.02730474528352641,0.025824971654486422,0.02666324643136021,0.02685571031464021,0.0219250856044319,0.010975992143648701,0.012609300764931988,0.03011676534800151,0.006765634506331927,0.018154243142813203,0.00530399846518315,0.0054526610584144,0.009103477448972875,0.010248227214406361,0.012598849903799322,0.00491442747042704,0.006182164619240533,0.007296040342176463,0.005764508754643872,0.00628873813892849
69,0.044445178410339695,0.0053367784197521995,0.0230198533462643,0.027278597426529695,0.02580035477817109,0.0265760807248556,0.026658588269997886,0.02184832962172687,0.010828589879705725,0.013709999484029659,0.0300416738507187,0.006733493873990228,0.018038025719407037,0.00527182216879255,0.0053971689295453,0.009045222987645277,0.010188568319366941,0.012563357517023886,0.0048586222589314795,0.006149491932982511,0.00719896424244955,0.005720673615104843,0.006265256672896677
70,0.04468003717404711,0.004828998023768501,0.022963580048417098,0.027157377127439347,0.02575964846666553,0.02650123450013791,0.026475710011355843,0.02179410813221096,0.01081946682583735,0.013688216811556698,0.029940193581642273,0.007011424996376701,0.017989261055038876,0.0052645793282225,0.005397238459487975,0.008978296475003363,0.010057255307495239,0.012578553700443479,0.0048263479699568205,0.006063382205535322,0.0071689655095132,0.005683517645346585,0.006625155657623829
71,0.04478886528063159,0.004821660162595801,0.022977057656953202,0.027104401117475176,0.02560536821663676,0.02645678134079802,0.026289474825272687,0.02170829438498457,0.010786531067939174,0.013634865363180457,0.029792356924434375,0.00693438208410115,0.01790484789819165,0.0051166334728407,0.0052928904835157,0.00901834806925425,0.010625126822997544,0.012535425635720744,0.00478507429504462,0.00600933358377311,0.007152152269635838,0.005762473001061933,0.006615757687560501
72,0.04471214225775571,0.004801218690576501,0.022908270621996497,0.027036659510668082,0.02562192383079246,0.02640059632959137,0.026296910736174888,0.02150441379311932,0.010761757491366524,0.013462985106244116,0.02957640923436091,0.006813946888295885,0.01783132039070724,0.00509412497796895,0.0051425151881878675,0.009576610135336758,0.010609453227527457,0.012635816808130302,0.0046948382629632785,0.005978964940059801,0.007131137573585687,0.00587430615411552,0.006578970610112372
73,0.04466457493753229,0.0047944667478021005,0.022901823778137296,0.027057959586956042,0.02556492069722638,0.02630692928622765,0.026339462711250268,0.023369021383301023,0.010808239961372423,0.013437817937444555,0.02938491396376889,0.006718604538513366,0.017729982751489588,0.00492951183782755,0.00535563441283715,0.009569042225113343,0.010597402784320156,0.012576744721418854,0.004635406444841856,0.006060609669576763,0.007093630427480888,0.006063175057121525,0.0065313907776097715
74,0.044793313635151204,0.0046490275360277005,0.0228913603621157,0.027030565910913452,0.025501575669778093,0.02624129801798093,0.02637065010933447,0.02336631776676631,0.0103015925735538,0.013406592289830242,0.029205811997624162,0.006685581426178467,0.01782091954264585,,0.0053259395296387495,0.009545493318759885,0.011437462496701063,0.01265023118300421,0.004577129801929456,0.006007415479576199,0.0070113788195128625,0.00605677402452515,0.006429690689924371
75,0.04425709524888939,0.0044811810830101,0.022864176403969202,0.02693471192065966,0.02540723565006653,0.026204294755307646,0.026466488200531015,0.023344892447062424,0.010129252520002352,0.013236507457993886,0.029022657053637012,0.006645762140398768,0.01765242765475324,,0.005311883400347699,0.009525103700969572,0.011400095515830188,0.012626037144817555,0.004508101118539714,0.006343652982345617,0.007633271017741149,0.0059288781467311995,0.006358072372647872
76,0.044219124880940805,,0.022850390542097,0.02683786615445999,0.02519112359726925,0.026215814123026798,0.02621219853732047,0.023267969020674396,0.0118920375060567,0.014640250012533683,0.028904843701237325,0.0065986987512466665,0.019404351257024173,,0.00520408033192295,0.009535442982336027,0.011518360025142027,0.013491665868183964,0.004439866815800742,0.00661641311965098,0.007593012507590451,0.006258616195779267,0.0066261143698589505
77,0.04420504750919451,,0.022811809562225397,0.02679347796024221,0.02507427041614526,0.02614638773158783,0.0260894319293225,0.023173099046027157,0.011797021049809835,0.014573119743878449,0.028868417964731125,0.006588474671004617,0.019322678438830444,,0.0051604473381472,0.009510623385129443,0.01145531876023629,0.013444209247200738,0.004378606264612415,0.006567391777150019,0.008115987958532741,0.006210755646570267,0.006690251200441284
78,0.04414185705302189,,0.0225463470117456,0.02671311640809716,0.02510810935783629,0.026104937897174007,0.026066507784149855,0.023155395912671912,0.011677027448710567,0.01648303988870996,0.02876798312173456,0.006554802557467067,0.021690630017323548,,0.0050806595194483,0.00949897875526673,0.012316467195421312,0.014579849202128086,0.0042884407185677,0.00658724438460398,0.008871863391079975,0.006184406858121033,0.006565584877096284
79,0.0437756056730868,,0.022429663913267596,0.026699457361341234,0.025082795628056143,0.02604906475486689,0.025963133558577985,0.023159420367428636,0.011627320891990768,0.016468870082305482,0.028612523999936634,0.006520226173476684,0.02151953718274952,,0.004921867737429799,0.009472017272664815,0.012259697819448684,0.014570432341390544,0.0041905217049557995,0.006545145199586639,0.0088437117127264,0.006148819902392667,0.008209355102224565
80,0.0422772241238536,,0.022433387433422904,0.026657533991696368,0.025036154567964125,0.02597304861789231,0.025875322257904416,0.02309527519000291,0.011608489258664834,0.0164058839506536,0.0283807990395711,0.006500321579635667,0.0247322340587388,,,0.009438817058536943,0.012172956582630843,0.014457856668479945,0.0041520660685988395,0.0069047619615017755,0.00881549354390175,0.006105805263444667,0.008189266757558699
81,0.04187595393274401,,0.022428668140927095,0.02647335359526138,0.02490755635524925,0.025744474269568374,0.0258215862613946,0.023049613117663556,0.0115825471266648,0.01638668426233572,0.02831084485920724,0.006398083605623883,0.024671697462575498,,,0.009379988251646059,0.01213089434477417,0.014299745750074531,0.003914176896644525,0.006761270603260525,0.008719717029996625,0.006085207878336299,0.008148967640574533
82,0.0415705496387861,,0.022411150033037504,0.026292321931871986,0.02462394914654327,0.02553166852358486,0.0292656463717229,0.0228355017329437,0.01486003016347765,0.01621329366270154,0.031357484124518546,0.00668736045148296,0.02443870237656538,,,0.009291116430556828,0.013174962984315766,0.014257049362020543,0.0037446208750692503,0.007502428953180834,0.009925060008173767,0.006052538085628733,0.008123193188649134
83,0.0415939684198669,,0.0223401931262647,0.026234827406413162,0.02458041544328588,0.025469636555099866,0.02926789750970223,0.02273269426592532,0.01476413100553375,0.01618299737522928,0.03127352465086786,0.0070874616541195,0.029109988192186048,,,0.009923952213621816,0.013114433044453833,0.014222552119274671,0.0034988596157437004,0.007446178138959834,0.009726168491416031,0.005986823445175667,0.0080892409023512
84,0.04131590464584871,,0.0222993668043947,0.02616665579562193,0.024395063592387807,0.02542821555375043,0.028976582572853137,0.022616177167334724,0.014753154141102749,0.016194831286497617,0.031173903198823433,0.007072889401262125,0.029236996271416325,,,0.0098603018928436,0.013086754054492966,0.014186352185847587,0.0034936896930621666,0.0074168658701031995,0.0121766976938587,0.005934961442932399,0.008033400832032802
85,0.0412009874588995,,0.022313635679621198,0.026047157441242752,0.02438730380360203,0.02528945689805785,0.028943385914830883,0.02253458355360749,0.01433235551345575,0.01611816794217192,0.030940347552730344,0.00706589349801585,0.029156238434237473,,,0.0098386637130922,0.013030252510607333,0.014028148242779644,0.00340408588674855,0.007406837091966967,0.0194098811856542,0.0061113974927802,0.007986112787918801
86,0.041021661465175205,,0.0221400744746415,0.025981137848909257,0.02435736841920418,0.02520814100309468,0.028934935929103883,0.02251057812151588,0.01430845750839375,0.01608684060498978,0.030808842034595073,0.0070326053291179,0.028858008069703525,,,0.010743649416292661,0.012902361831657582,0.013959458149033155,0.00340309617142715,0.0073662244660494995,0.0190801611319964,0.0077017654602761,0.007948526341540368
87,0.0406232685725345,,0.021979018330812096,0.025925116321819992,0.02429028851338714,0.025039845432896002,0.0287152780696996,0.022428461245149637,0.014301630864293,0.016031855453118797,0.03065824484488793,0.007028949105475425,0.0288056859687296,,,0.010719314857408221,0.012813816406280118,0.013898469325963572,0.003395200653286,0.007329020370063666,0.0190608440059771,0.0076544600088665,0.007925605376270734
88,0.0405636337397527,,0.021986823893378603,0.02587606655791484,0.02424237179596928,0.024930326099167406,0.02863641685485335,0.022374238099120935,0.014253788983567,0.015951397625761064,0.03064093411561037,0.007008651792062,0.028497139955252476,,,0.010702204622739821,0.012749255905557401,0.013886418158765814,0.00330928953214805,0.007297421103648134,0.0190529622890212,0.0076484577581925,0.007858302248631266
89,0.040312603941979,,0.021207424207390604,0.025754638403534535,0.02413447172925275,0.02471754678625187,0.028454183053149062,0.022212019407191533,0.01417581972604055,0.01577846330789386,0.03054618571082659,0.006999859651512425,0.0283485988309297,,,0.01066173400307768,0.012682215201190667,0.0138259141238114,0.0033004047882759,0.0072808459369312,0.0190421535648687,0.0075524198079744,0.007854936982394768
90,0.040398889962887805,,0.020551691391234698,0.02555134380789087,0.02397210307186539,0.02462195937864372,0.028274809094429584,0.022036437815132145,0.014146636762267649,0.01574506384576756,0.030490533827538017,0.006981329522664825,0.028114187432391552,,,0.01056307340159488,0.014286933753994622,0.013778332815788599,0.0032513769093625,0.007272994961925333,0.0189283943396304,0.0075453948689697,0.007806179393337967
91,0.040213066354088396,,0.0204392616922158,0.02534383514287658,0.02374788544421596,0.024739409670945574,0.0280339883484821,0.021966179563536987,0.0141401285624455,0.0156543675654644,0.030388237735705585,0.006961509807490499,0.027999926076061925,,,0.01060627888667696,0.01427483237568496,0.015201183157080383,0.0032462319417165,0.007250439330253433,0.0189238129904377,0.0075405726319242,0.0077784300309623996
92,0.0399643911514685,,0.020502771778832096,0.02534363653608645,0.0236333054837031,0.0246314586422865,0.027871950831764716,0.02194591946510767,0.014076732845006299,0.01553705799441708,0.030203147003013957,0.006898624656082226,0.027729798319269347,,,0.0107140475395953,0.01427388584849254,0.01744338473601322,0.0032426509604189,0.007196486142281266,0.0189478230643264,0.0074396005337796,0.007733512340423365
93,0.03998552626803909,,0.020479018042037896,0.02519398211052614,0.0235673997817859,0.024540310408306048,0.027787805305829364,0.021939038937492102,0.014062907404379201,0.01551068753463734,0.030045690188469858,0.007527727186094401,0.027686576411681974,,,0.0106698209315935,0.01421944944371464,0.017336981713033838,0.00323445897813605,0.0071680830272343,0.0189220323950831,0.0074361443199675,0.007725449493343167
94,0.04002132703418681,,0.0202947167369717,0.02515817939892968,0.023456879263538077,0.024356595552345938,0.027602498426347735,0.021864862113031857,0.0140084275570799,0.015403484585300442,0.029856126804089545,0.0075240165110651335,0.02732722051705675,,,0.010670130181483278,0.01414636159271262,0.017317552567778942,0.0032051959685987,0.0071417927705298,0.0188557267696453,0.0074105154613033,0.007719001423566967
95,0.039834241414268605,,0.019930403075241403,0.02508470329763674,0.023316059914531558,0.024256453670120588,0.027726901002974248,0.021872354136287932,0.0139852171369977,0.0152569689806316,0.029639755071363984,0.007481779370346567,0.02726818393655115,,,0.01250628008881505,0.01405140887870564,0.0173464436514362,0.0033553650240161,0.007127984967021766,0.0188689011401343,0.0073791599487931,0.007675554588331299
96,0.039844735717143906,,0.019910735948175405,0.024965787948777428,0.023257314800357358,0.024151466747867646,0.027424860317177113,0.021795496314996776,0.01393910066847585,0.01510360735219252,0.029404856117069705,0.0074185329697707665,0.027236083144355848,,,0.012389299748058101,0.0167949170699167,0.017360341417596965,0.0031979765837323,0.0071088861054952,0.0188057848415004,0.00746534595967,0.007626423014690434
97,0.0394837391422534,,0.0198818327024361,0.02484175091808506,0.023117440456583503,0.02410174688846594,0.027198804966538283,0.021672388347466383,0.013835572103002451,0.015071321698357301,0.02945019779690547,0.006131720020991267,0.027011582182565073,,,0.012374437408483074,0.016771677946732177,0.01728718996837288,0.0031275243347613,0.007106061678909433,0.0188080342248914,0.0074621432872957,0.007590841356551567
98,0.03937565154717781,,0.0198209783222674,0.02481176763978616,0.02298401768732033,0.02400185509193198,0.0271656139936359,0.0217083681530143,0.01383318922795965,0.015048918677850862,0.02943041322182931,0.0073802465796055,0.026580055594224675,,,0.01235722789290455,0.0167384619904462,0.017225702567304817,0.0031155983095257,0.007106940138225233,0.0186835137339445,0.0074364016121154,0.007479496402399067
99,0.0394643170811288,,0.019722423928973398,0.02466062810434522,0.02291173470259904,0.0238539529680374,0.02701942379462062,0.021653978480396366,0.0138823802891922,0.01500048745072174,0.029266362393613642,0.00737145567683045,0.026429356048941824,,,0.01235664582732955,0.016685204850310824,0.017142893193381397,0.0031080817997348,0.007065743603964467,0.0186337808648776,0.0074100078313347,0.007461364510954267
100,0.03907407812771659,,0.019574632208206703,0.024548902953434277,0.02284725503053677,0.0237535217295603,0.02696290791578915,0.02160208159297869,0.01385622259309055,0.01499493145174976,0.02916875703400523,0.0073757572479097,0.026363439761010597,,,0.012234262863253225,0.016587588256448075,0.0171450018766345,0.0030998203804751,0.0070651077746500665,0.0185875577720987,0.0073942000361429,0.007452976605272033
