index,Ag,Au,Pd,Pt,Composition,Similarity_to_Resistance
0,22.27,50.81,15.08,11.83,Ag22.27Au50.81Pd15.08Pt11.83,0.27887428
1,21.68,47.87,19.37,11.08,Ag21.68Au47.87Pd19.37Pt11.08,0.27966452
2,21.19,46.02,21.05,11.74,Ag21.19Au46.02Pd21.05Pt11.74,0.2824294
3,19.79,44.27,24.09,11.85,Ag19.79Au44.27Pd24.09Pt11.85,0.28419572
4,18.73,42.51,26.61,12.14,Ag18.73Au42.51Pd26.61Pt12.14,0.28621662
5,17.02,41.49,29.68,11.81,Ag17.02Au41.49Pd29.68Pt11.81,0.28656542
6,16.19,39.0,33.2,11.61,Ag16.19Au39.00Pd33.20Pt11.61,0.2879324
7,15.15,37.17,36.19,11.5,Ag15.15Au37.17Pd36.19Pt11.50,0.28903857
8,14.57,34.0,40.14,11.29,Ag14.57Au34.00Pd40.14Pt11.29,0.29063582
9,13.56,31.89,43.29,11.26,Ag13.56Au31.89Pd43.29Pt11.26,0.29195583
10,12.8,29.82,46.23,11.14,Ag12.80Au29.82Pd46.23Pt11.14,0.2929799
11,25.63,47.05,14.32,13.0,Ag25.63Au47.05Pd14.32Pt13.00,0.28306764
12,24.88,45.7,17.09,12.33,Ag24.88Au45.70Pd17.09Pt12.33,0.28291678
13,22.96,45.19,19.11,12.74,Ag22.96Au45.19Pd19.11Pt12.74,0.28459853
14,22.66,43.65,20.86,12.83,Ag22.66Au43.65Pd20.86Pt12.83,0.28594235
15,21.41,42.31,23.46,12.82,Ag21.41Au42.31Pd23.46Pt12.82,0.2871502
16,20.27,40.81,26.35,12.57,Ag20.27Au40.81Pd26.35Pt12.57,0.28791896
17,18.59,38.78,29.61,13.01,Ag18.59Au38.78Pd29.61Pt13.01,0.29051214
18,18.58,36.5,32.22,12.7,Ag18.58Au36.50Pd32.22Pt12.70,0.29135758
19,15.95,35.09,36.48,12.48,Ag15.95Au35.09Pd36.48Pt12.48,0.29224315
20,15.54,32.95,39.42,12.09,Ag15.54Au32.95Pd39.42Pt12.09,0.29280183
21,14.85,30.79,42.51,11.85,Ag14.85Au30.79Pd42.51Pt11.85,0.29367477
22,13.24,28.97,46.18,11.62,Ag13.24Au28.97Pd46.18Pt11.62,0.29442474
23,12.56,26.31,49.48,11.66,Ag12.56Au26.31Pd49.48Pt11.66,0.29604602
24,28.52,46.22,12.11,13.15,Ag28.52Au46.22Pd12.11Pt13.15,0.28314447
25,27.06,45.17,14.18,13.59,Ag27.06Au45.17Pd14.18Pt13.59,0.2852095
26,26.48,43.95,15.87,13.7,Ag26.48Au43.95Pd15.87Pt13.70,0.28647447
27,24.62,43.84,17.71,13.82,Ag24.62Au43.84Pd17.71Pt13.82,0.28729385
28,22.51,43.03,20.4,14.05,Ag22.51Au43.03Pd20.40Pt14.05,0.2888639
29,22.34,41.12,22.59,13.96,Ag22.34Au41.12Pd22.59Pt13.96,0.29005527
30,20.76,39.56,26.25,13.43,Ag20.76Au39.56Pd26.25Pt13.43,0.29040325
31,19.37,37.42,29.38,13.83,Ag19.37Au37.42Pd29.38Pt13.83,0.2929256
32,18.46,36.39,31.87,13.28,Ag18.46Au36.39Pd31.87Pt13.28,0.29264233
33,17.05,33.96,35.17,13.83,Ag17.05Au33.96Pd35.17Pt13.83,0.29555702
34,15.65,32.41,38.64,13.3,Ag15.65Au32.41Pd38.64Pt13.30,0.2956295
35,14.98,29.81,41.94,13.27,Ag14.98Au29.81Pd41.94Pt13.27,0.29720098
36,13.76,27.68,46.18,12.39,Ag13.76Au27.68Pd46.18Pt12.39,0.2967152
37,13.86,25.45,48.49,12.2,Ag13.86Au25.45Pd48.49Pt12.20,0.29753214
38,11.88,23.46,52.48,12.18,Ag11.88Au23.46Pd52.48Pt12.18,0.29871982
39,31.01,44.5,10.88,13.6,Ag31.01Au44.50Pd10.88Pt13.60,0.28454024
40,29.43,44.2,12.25,14.11,Ag29.43Au44.20Pd12.25Pt14.11,0.2862503
41,28.73,42.76,14.14,14.37,Ag28.73Au42.76Pd14.14Pt14.37,0.2880208
42,27.23,42.37,15.96,14.44,Ag27.23Au42.37Pd15.96Pt14.44,0.28887022
43,25.55,41.2,18.34,14.91,Ag25.55Au41.20Pd18.34Pt14.91,0.29109558
44,25.06,39.76,20.35,14.82,Ag25.06Au39.76Pd20.35Pt14.82,0.29205072
45,23.04,39.57,22.56,14.84,Ag23.04Au39.57Pd22.56Pt14.84,0.2927245
46,21.7,37.65,25.75,14.9,Ag21.70Au37.65Pd25.75Pt14.90,0.29445565
47,21.06,36.18,28.04,14.73,Ag21.06Au36.18Pd28.04Pt14.73,0.29522318
48,19.29,34.61,31.44,14.66,Ag19.29Au34.61Pd31.44Pt14.66,0.2964522
49,18.25,32.81,35.08,13.86,Ag18.25Au32.81Pd35.08Pt13.86,0.2961289
50,17.32,30.6,38.26,13.83,Ag17.32Au30.60Pd38.26Pt13.83,0.29756397
51,15.64,28.53,41.43,14.4,Ag15.64Au28.53Pd41.43Pt14.40,0.30021265
52,14.79,26.63,44.53,14.05,Ag14.79Au26.63Pd44.53Pt14.05,0.30067307
53,13.11,24.59,48.75,13.55,Ag13.11Au24.59Pd48.75Pt13.55,0.30092087
54,12.2,23.07,51.64,13.1,Ag12.20Au23.07Pd51.64Pt13.10,0.30085033
55,12.37,20.36,54.9,12.37,Ag12.37Au20.36Pd54.90Pt12.37,0.30066955
56,34.16,43.03,8.76,14.05,Ag34.16Au43.03Pd8.76Pt14.05,0.2854969
57,32.46,42.4,10.6,14.54,Ag32.46Au42.40Pd10.60Pt14.54,0.28747514
58,31.04,41.65,12.19,15.12,Ag31.04Au41.65Pd12.19Pt15.12,0.28960925
59,29.9,41.71,13.09,15.3,Ag29.90Au41.71Pd13.09Pt15.30,0.29026872
60,28.42,39.7,15.88,16.0,Ag28.42Au39.70Pd15.88Pt16.00,0.2935276
61,27.07,39.21,17.85,15.87,Ag27.07Au39.21Pd17.85Pt15.87,0.29399487
62,26.46,38.51,19.25,15.78,Ag26.46Au38.51Pd19.25Pt15.78,0.2944697
63,24.25,37.33,21.97,16.45,Ag24.25Au37.33Pd21.97Pt16.45,0.29718834
64,23.08,35.78,25.03,16.12,Ag23.08Au35.78Pd25.03Pt16.12,0.29785126
65,20.54,34.44,28.7,16.33,Ag20.54Au34.44Pd28.70Pt16.33,0.29971126
66,20.4,32.67,30.4,16.53,Ag20.40Au32.67Pd30.40Pt16.53,0.30128258
67,18.84,30.58,34.32,16.26,Ag18.84Au30.58Pd34.32Pt16.26,0.30233127
68,18.07,28.92,37.35,15.66,Ag18.07Au28.92Pd37.35Pt15.66,0.302234
69,16.36,26.71,41.68,15.24,Ag16.36Au26.71Pd41.68Pt15.24,0.3029118
70,15.39,24.9,44.85,14.86,Ag15.39Au24.90Pd44.85Pt14.86,0.30326068
71,14.62,23.48,46.97,14.93,Ag14.62Au23.48Pd46.97Pt14.93,0.30427018
72,13.76,21.64,50.23,14.37,Ag13.76Au21.64Pd50.23Pt14.37,0.3041524
73,11.98,20.13,54.31,13.58,Ag11.98Au20.13Pd54.31Pt13.58,0.3033868
74,11.72,18.46,56.98,12.84,Ag11.72Au18.46Pd56.98Pt12.84,0.30264652
75,34.97,40.72,9.03,15.28,Ag34.97Au40.72Pd9.03Pt15.28,0.28933322
76,33.37,40.06,10.48,16.09,Ag33.37Au40.06Pd10.48Pt16.09,0.29192823
77,32.38,39.68,11.85,16.08,Ag32.38Au39.68Pd11.85Pt16.08,0.29250175
78,31.08,38.96,13.54,16.43,Ag31.08Au38.96Pd13.54Pt16.43,0.29411376
79,28.9,38.43,15.28,17.39,Ag28.90Au38.43Pd15.28Pt17.39,0.2970319
80,27.6,37.56,17.87,16.97,Ag27.60Au37.56Pd17.87Pt16.97,0.2971848
81,27.41,36.54,18.88,17.17,Ag27.41Au36.54Pd18.88Pt17.17,0.29834166
82,24.32,35.84,22.26,17.58,Ag24.32Au35.84Pd22.26Pt17.58,0.3004396
83,23.78,34.57,24.71,16.94,Ag23.78Au34.57Pd24.71Pt16.94,0.3001411
84,22.91,32.43,27.26,17.39,Ag22.91Au32.43Pd27.26Pt17.39,0.30264932
85,20.72,31.53,30.37,17.37,Ag20.72Au31.53Pd30.37Pt17.37,0.30364692
86,18.72,29.9,34.11,17.27,Ag18.72Au29.90Pd34.11Pt17.27,0.30483282
87,18.36,27.61,36.73,17.29,Ag18.36Au27.61Pd36.73Pt17.29,0.3063187
88,17.56,26.06,39.8,16.57,Ag17.56Au26.06Pd39.80Pt16.57,0.30587035
89,15.97,24.58,43.33,16.11,Ag15.97Au24.58Pd43.33Pt16.11,0.30597496
90,14.55,22.58,46.82,16.06,Ag14.55Au22.58Pd46.82Pt16.06,0.3071253
91,14.47,20.03,50.15,15.35,Ag14.47Au20.03Pd50.15Pt15.35,0.30698758
92,12.33,19.17,53.64,14.86,Ag12.33Au19.17Pd53.64Pt14.86,0.30655748
93,11.95,17.02,56.46,14.57,Ag11.95Au17.02Pd56.46Pt14.57,0.30701542
94,37.81,38.73,7.68,15.78,Ag37.81Au38.73Pd7.68Pt15.78,0.2907883
95,35.91,38.37,8.47,17.26,Ag35.91Au38.37Pd8.47Pt17.26,0.2945907
96,35.29,37.91,9.63,17.17,Ag35.29Au37.91Pd9.63Pt17.17,0.29496107
97,33.51,36.91,12.02,17.55,Ag33.51Au36.91Pd12.02Pt17.55,0.2970103
98,32.46,37.17,12.94,17.43,Ag32.46Au37.17Pd12.94Pt17.43,0.29692525
99,30.17,36.34,14.63,18.86,Ag30.17Au36.34Pd14.63Pt18.86,0.3010193
100,28.98,35.34,16.82,18.86,Ag28.98Au35.34Pd16.82Pt18.86,0.30207056
101,27.73,34.52,18.87,18.87,Ag27.73Au34.52Pd18.87Pt18.87,0.3030089
102,26.48,33.37,20.92,19.23,Ag26.48Au33.37Pd20.92Pt19.23,0.3048377
103,24.37,32.41,23.89,19.33,Ag24.37Au32.41Pd23.89Pt19.33,0.30620772
104,24.1,30.0,26.87,19.04,Ag24.10Au30.00Pd26.87Pt19.04,0.3072606
105,22.06,29.5,29.37,19.06,Ag22.06Au29.50Pd29.37Pt19.06,0.30806744
106,19.31,27.91,33.2,19.58,Ag19.31Au27.91Pd33.20Pt19.58,0.31063443
107,20.54,25.77,35.3,18.39,Ag20.54Au25.77Pd35.30Pt18.39,0.30928692
108,17.8,24.86,38.84,18.5,Ag17.80Au24.86Pd38.84Pt18.50,0.31049412
109,16.71,22.71,42.57,18.0,Ag16.71Au22.71Pd42.57Pt18.00,0.31083554
110,15.34,20.81,46.17,17.68,Ag15.34Au20.81Pd46.17Pt17.68,0.3113652
111,15.25,19.42,48.35,16.98,Ag15.25Au19.42Pd48.35Pt16.98,0.31064677
112,13.3,17.74,52.29,16.67,Ag13.30Au17.74Pd52.29Pt16.67,0.31101888
113,12.6,16.59,55.18,15.63,Ag12.60Au16.59Pd55.18Pt15.63,0.30943415
114,11.62,14.73,59.08,14.57,Ag11.62Au14.73Pd59.08Pt14.57,0.30810672
115,38.75,36.99,6.85,17.42,Ag38.75Au36.99Pd6.85Pt17.42,0.29490823
116,37.1,36.18,8.32,18.4,Ag37.10Au36.18Pd8.32Pt18.40,0.2979799
117,36.34,35.29,9.84,18.53,Ag36.34Au35.29Pd9.84Pt18.53,0.2991377
118,34.02,35.65,11.09,19.24,Ag34.02Au35.65Pd11.09Pt19.24,0.3010373
119,32.97,34.59,12.39,20.04,Ag32.97Au34.59Pd12.39Pt20.04,0.30368736
120,31.38,34.6,13.91,20.11,Ag31.38Au34.60Pd13.91Pt20.11,0.304317
121,30.25,33.56,15.87,20.32,Ag30.25Au33.56Pd15.87Pt20.32,0.30579636
122,28.35,32.89,18.18,20.57,Ag28.35Au32.89Pd18.18Pt20.57,0.307297
123,27.3,31.51,19.85,21.34,Ag27.30Au31.51Pd19.85Pt21.34,0.31003112
124,24.94,31.08,23.01,20.96,Ag24.94Au31.08Pd23.01Pt20.96,0.31018016
125,23.82,28.78,26.24,21.16,Ag23.82Au28.78Pd26.24Pt21.16,0.31233674
126,22.55,27.85,28.38,21.22,Ag22.55Au27.85Pd28.38Pt21.22,0.31332678
127,20.8,26.19,31.96,21.05,Ag20.80Au26.19Pd31.96Pt21.05,0.3143673
128,19.6,24.3,35.17,20.94,Ag19.60Au24.30Pd35.17Pt20.94,0.31549203
129,17.82,23.11,38.37,20.69,Ag17.82Au23.11Pd38.37Pt20.69,0.31596607
130,17.38,21.1,41.9,19.61,Ag17.38Au21.10Pd41.90Pt19.61,0.31495
131,15.63,20.33,44.92,19.12,Ag15.63Au20.33Pd44.92Pt19.12,0.3145715
132,14.64,19.08,48.08,18.2,Ag14.64Au19.08Pd48.08Pt18.20,0.31342578
133,14.13,16.3,52.17,17.39,Ag14.13Au16.30Pd52.17Pt17.39,0.31318316
134,12.02,15.54,55.13,17.31,Ag12.02Au15.54Pd55.13Pt17.31,0.3135167
135,11.24,14.33,58.47,15.96,Ag11.24Au14.33Pd58.47Pt15.96,0.31126374
136,39.5,34.56,6.93,19.01,Ag39.50Au34.56Pd6.93Pt19.01,0.29947227
137,38.73,34.3,7.34,19.63,Ag38.73Au34.30Pd7.34Pt19.63,0.3011338
138,36.62,33.4,9.67,20.31,Ag36.62Au33.40Pd9.67Pt20.31,0.30383807
139,35.42,32.81,11.15,20.62,Ag35.42Au32.81Pd11.15Pt20.62,0.30526602
140,34.57,33.26,10.98,21.2,Ag34.57Au33.26Pd10.98Pt21.20,0.3063503
141,32.66,31.44,13.94,21.96,Ag32.66Au31.44Pd13.94Pt21.96,0.3097185
142,31.24,30.91,15.78,22.08,Ag31.24Au30.91Pd15.78Pt22.08,0.31075507
143,29.56,30.37,17.55,22.52,Ag29.56Au30.37Pd17.55Pt22.52,0.3124762
144,27.97,29.14,19.81,23.08,Ag27.97Au29.14Pd19.81Pt23.08,0.31483978
145,26.5,27.62,23.0,22.88,Ag26.50Au27.62Pd23.00Pt22.88,0.31583565
146,24.61,27.72,25.13,22.54,Ag24.61Au27.72Pd25.13Pt22.54,0.31556395
147,23.6,25.47,27.45,23.48,Ag23.60Au25.47Pd27.45Pt23.48,0.31907278
148,22.47,24.73,30.45,22.34,Ag22.47Au24.73Pd30.45Pt22.34,0.31751046
149,20.73,23.21,32.99,23.07,Ag20.73Au23.21Pd32.99Pt23.07,0.32021517
150,19.05,22.02,36.76,22.17,Ag19.05Au22.02Pd36.76Pt22.17,0.31939268
151,17.03,20.56,40.38,22.03,Ag17.03Au20.56Pd40.38Pt22.03,0.32022917
152,16.19,19.04,43.78,20.99,Ag16.19Au19.04Pd43.78Pt20.99,0.31904095
153,15.24,18.04,46.66,20.06,Ag15.24Au18.04Pd46.66Pt20.06,0.31775904
154,13.48,16.14,50.63,19.75,Ag13.48Au16.14Pd50.63Pt19.75,0.31823486
155,13.86,14.56,53.21,18.37,Ag13.86Au14.56Pd53.21Pt18.37,0.31609952
156,11.84,13.12,57.44,17.6,Ag11.84Au13.12Pd57.44Pt17.60,0.31526622
157,41.03,31.68,6.92,20.37,Ag41.03Au31.68Pd6.92Pt20.37,0.30359674
158,39.47,31.93,7.74,20.86,Ag39.47Au31.93Pd7.74Pt20.86,0.30493337
159,37.5,31.14,9.0,22.35,Ag37.50Au31.14Pd9.00Pt22.35,0.3090594
160,36.45,30.49,10.37,22.69,Ag36.45Au30.49Pd10.37Pt22.69,0.3105368
161,35.08,30.28,11.55,23.09,Ag35.08Au30.28Pd11.55Pt23.09,0.31191683
162,33.92,30.5,12.38,23.2,Ag33.92Au30.50Pd12.38Pt23.20,0.31235787
163,31.82,29.45,14.72,24.01,Ag31.82Au29.45Pd14.72Pt24.01,0.31530967
164,29.87,28.2,17.56,24.37,Ag29.87Au28.20Pd17.56Pt24.37,0.31743747
165,28.36,27.99,18.91,24.75,Ag28.36Au27.99Pd18.91Pt24.75,0.31873754
166,27.05,26.93,21.01,25.0,Ag27.05Au26.93Pd21.01Pt25.00,0.3202802
167,26.17,24.91,23.77,25.16,Ag26.17Au24.91Pd23.77Pt25.16,0.32211608
168,24.32,23.78,26.22,25.68,Ag24.32Au23.78Pd26.22Pt25.68,0.3242833
169,23.02,22.88,29.1,25.0,Ag23.02Au22.88Pd29.10Pt25.00,0.32378888
170,20.68,21.54,32.81,24.96,Ag20.68Au21.54Pd32.81Pt24.96,0.32497147
171,19.25,20.6,35.34,24.81,Ag19.25Au20.60Pd35.34Pt24.81,0.32546237
172,18.51,19.24,37.9,24.34,Ag18.51Au19.24Pd37.90Pt24.34,0.32541215
173,17.3,17.3,42.49,22.91,Ag17.30Au17.30Pd42.49Pt22.91,0.32374766
174,15.22,16.61,45.81,22.36,Ag15.22Au16.61Pd45.81Pt22.36,0.32322228
175,15.33,15.01,48.12,21.53,Ag15.33Au15.01Pd48.12Pt21.53,0.32232544
176,13.29,14.29,51.99,20.43,Ag13.29Au14.29Pd51.99Pt20.43,0.3205632
177,13.36,11.95,55.54,19.16,Ag13.36Au11.95Pd55.54Pt19.16,0.31900778
178,41.61,29.72,6.42,22.24,Ag41.61Au29.72Pd6.42Pt22.24,0.30835378
179,40.87,29.36,7.37,22.4,Ag40.87Au29.36Pd7.37Pt22.40,0.3091935
180,38.77,29.25,8.81,23.18,Ag38.77Au29.25Pd8.81Pt23.18,0.31152838
181,37.6,28.41,10.02,23.97,Ag37.60Au28.41Pd10.02Pt23.97,0.31404257
182,35.39,28.34,11.47,24.81,Ag35.39Au28.34Pd11.47Pt24.81,0.3164515
183,34.16,27.11,12.91,25.81,Ag34.16Au27.11Pd12.91Pt25.81,0.3196169
184,32.44,26.51,14.42,26.63,Ag32.44Au26.51Pd14.42Pt26.63,0.32213432
185,30.95,26.1,16.17,26.79,Ag30.95Au26.10Pd16.17Pt26.79,0.32317007
186,29.95,25.18,18.14,26.73,Ag29.95Au25.18Pd18.14Pt26.73,0.32396466
187,27.67,24.51,20.39,27.43,Ag27.67Au24.51Pd20.39Pt27.43,0.32637477
188,26.22,23.09,23.09,27.6,Ag26.22Au23.09Pd23.09Pt27.60,0.3279857
189,25.13,21.86,26.18,26.83,Ag25.13Au21.86Pd26.18Pt26.83,0.32752723
190,23.1,21.74,28.4,26.77,Ag23.10Au21.74Pd28.40Pt26.77,0.3279278
191,21.42,19.92,31.65,27.01,Ag21.42Au19.92Pd31.65Pt27.01,0.32981998
192,19.42,19.28,34.82,26.47,Ag19.42Au19.28Pd34.82Pt26.47,0.3294828
193,18.0,17.23,38.15,26.62,Ag18.00Au17.23Pd38.15Pt26.62,0.33113742
194,17.56,16.64,40.61,25.19,Ag17.56Au16.64Pd40.61Pt25.19,0.32866517
195,15.86,14.76,44.27,25.12,Ag15.86Au14.76Pd44.27Pt25.12,0.32970482
196,14.63,14.18,47.76,23.43,Ag14.63Au14.18Pd47.76Pt23.43,0.3266904
197,13.56,13.56,50.72,22.17,Ag13.56Au13.56Pd50.72Pt22.17,0.3244902
198,13.04,12.01,53.69,21.27,Ag13.04Au12.01Pd53.69Pt21.27,0.32339662
199,42.42,27.76,6.5,23.33,Ag42.42Au27.76Pd6.50Pt23.33,0.31150845
200,41.72,26.63,7.2,24.46,Ag41.72Au26.63Pd7.20Pt24.46,0.31471303
201,39.13,27.0,8.59,25.28,Ag39.13Au27.00Pd8.59Pt25.28,0.3169677
202,38.27,26.9,8.34,26.49,Ag38.27Au26.90Pd8.34Pt26.49,0.31962928
203,36.08,25.84,10.76,27.32,Ag36.08Au25.84Pd10.76Pt27.32,0.322702
204,34.72,26.18,11.24,27.87,Ag34.72Au26.18Pd11.24Pt27.87,0.32396007
205,33.19,24.97,13.76,28.08,Ag33.19Au24.97Pd13.76Pt28.08,0.32568726
206,31.99,23.57,15.63,28.82,Ag31.99Au23.57Pd15.63Pt28.82,0.32839575
207,29.53,23.45,17.98,29.04,Ag29.53Au23.45Pd17.98Pt29.04,0.3296197
208,27.41,23.09,19.63,29.88,Ag27.41Au23.09Pd19.63Pt29.88,0.33202338
209,26.3,21.48,22.47,29.75,Ag26.30Au21.48Pd22.47Pt29.75,0.33309597
210,24.36,20.05,25.17,30.42,Ag24.36Au20.05Pd25.17Pt30.42,0.33572182
211,22.78,19.41,27.14,30.66,Ag22.78Au19.41Pd27.14Pt30.66,0.3369168
212,22.31,18.46,30.72,28.51,Ag22.31Au18.46Pd30.72Pt28.51,0.33343065
213,19.88,17.69,33.92,28.51,Ag19.88Au17.69Pd33.92Pt28.51,0.3343118
214,19.02,16.87,35.89,28.22,Ag19.02Au16.87Pd35.89Pt28.22,0.334342
215,17.22,15.17,39.81,27.8,Ag17.22Au15.17Pd39.81Pt27.80,0.3346905
216,15.77,14.31,43.41,26.5,Ag15.77Au14.31Pd43.41Pt26.50,0.3327253
217,14.46,13.27,45.58,26.7,Ag14.46Au13.27Pd45.58Pt26.70,0.33376923
218,13.09,12.73,49.27,24.91,Ag13.09Au12.73Pd49.27Pt24.91,0.33053112
219,13.54,11.0,51.95,23.52,Ag13.54Au11.00Pd51.95Pt23.52,0.3284798
220,43.09,25.08,6.45,25.38,Ag43.09Au25.08Pd6.45Pt25.38,0.3170117
221,41.47,25.48,6.4,26.65,Ag41.47Au25.48Pd6.40Pt26.65,0.3197365
222,40.08,24.61,7.89,27.41,Ag40.08Au24.61Pd7.89Pt27.41,0.3222946
223,38.56,24.64,8.97,27.84,Ag38.56Au24.64Pd8.97Pt27.84,0.3236315
224,36.92,24.22,9.47,29.39,Ag36.92Au24.22Pd9.47Pt29.39,0.3273993
225,35.36,23.2,11.49,29.95,Ag35.36Au23.20Pd11.49Pt29.95,0.32967955
226,33.93,22.58,12.7,30.79,Ag33.93Au22.58Pd12.70Pt30.79,0.33213586
227,31.94,21.6,15.21,31.24,Ag31.94Au21.60Pd15.21Pt31.24,0.33425987
228,30.5,21.39,16.65,31.47,Ag30.50Au21.39Pd16.65Pt31.47,0.33525097
229,28.89,20.42,18.93,31.76,Ag28.89Au20.42Pd18.93Pt31.76,0.33688235
230,26.81,19.71,20.89,32.59,Ag26.81Au19.71Pd20.89Pt32.59,0.3394369
231,25.36,19.35,23.27,32.03,Ag25.36Au19.35Pd23.27Pt32.03,0.33896506
232,23.68,17.55,26.74,32.03,Ag23.68Au17.55Pd26.74Pt32.03,0.3404429
233,22.45,17.23,28.85,31.46,Ag22.45Au17.23Pd28.85Pt31.46,0.3398065
234,20.64,16.06,31.5,31.8,Ag20.64Au16.06Pd31.50Pt31.80,0.34146637
235,18.47,14.56,36.19,30.78,Ag18.47Au14.56Pd36.19Pt30.78,0.34068456
236,18.2,14.08,37.97,29.75,Ag18.20Au14.08Pd37.97Pt29.75,0.33897644
237,16.81,12.69,41.17,29.33,Ag16.81Au12.69Pd41.17Pt29.33,0.33905602
238,14.84,11.8,44.18,29.17,Ag14.84Au11.80Pd44.18Pt29.17,0.3393972
239,13.52,11.74,48.22,26.51,Ag13.52Au11.74Pd48.22Pt26.51,0.3342205
240,12.85,10.24,51.22,25.69,Ag12.85Au10.24Pd51.22Pt25.69,0.3333071
241,42.08,22.92,6.77,28.23,Ag42.08Au22.92Pd6.77Pt28.23,0.32424104
242,40.56,22.18,7.79,29.47,Ag40.56Au22.18Pd7.79Pt29.47,0.32763278
243,39.02,22.57,8.43,29.99,Ag39.02Au22.57Pd8.43Pt29.99,0.3288942
244,37.46,21.8,9.53,31.22,Ag37.46Au21.80Pd9.53Pt31.22,0.33225554
245,36.37,21.7,10.38,31.55,Ag36.37Au21.70Pd10.38Pt31.55,0.3333168
246,34.47,20.54,12.4,32.59,Ag34.47Au20.54Pd12.40Pt32.59,0.33665574
247,32.86,20.07,13.97,33.1,Ag32.86Au20.07Pd13.97Pt33.10,0.33842462
248,30.66,19.16,15.7,34.49,Ag30.66Au19.16Pd15.70Pt34.49,0.3422392
249,28.8,18.7,18.2,34.29,Ag28.80Au18.70Pd18.20Pt34.29,0.3427075
250,26.93,17.91,20.62,34.54,Ag26.93Au17.91Pd20.62Pt34.54,0.34415853
251,25.33,16.97,22.58,35.12,Ag25.33Au16.97Pd22.58Pt35.12,0.34620416
252,23.71,16.43,25.14,34.71,Ag23.71Au16.43Pd25.14Pt34.71,0.346143
253,22.91,15.5,27.51,34.08,Ag22.91Au15.50Pd27.51Pt34.08,0.34567887
254,20.57,15.05,30.7,33.68,Ag20.57Au15.05Pd30.70Pt33.68,0.34562767
255,18.86,14.06,33.23,33.85,Ag18.86Au14.06Pd33.23Pt33.85,0.3467862
256,17.82,12.11,36.85,33.22,Ag17.82Au12.11Pd36.85Pt33.22,0.3467883
257,16.75,12.14,39.32,31.79,Ag16.75Au12.14Pd39.32Pt31.79,0.34415156
258,15.09,11.49,42.54,30.87,Ag15.09Au11.49Pd42.54Pt30.87,0.34287372
259,13.76,11.29,45.86,29.1,Ag13.76Au11.29Pd45.86Pt29.10,0.3395893
260,42.46,20.41,6.26,30.87,Ag42.46Au20.41Pd6.26Pt30.87,0.3307076
261,41.38,20.44,7.58,30.61,Ag41.38Au20.44Pd7.58Pt30.61,0.3306229
262,39.29,20.27,8.25,32.18,Ag39.29Au20.27Pd8.25Pt32.18,0.33440763
263,37.86,20.04,9.02,33.07,Ag37.86Au20.04Pd9.02Pt33.07,0.33670893
264,35.99,19.62,10.2,34.19,Ag35.99Au19.62Pd10.20Pt34.19,0.33968458
265,34.17,18.97,11.43,35.43,Ag34.17Au18.97Pd11.43Pt35.43,0.34297994
266,33.04,18.81,13.24,34.9,Ag33.04Au18.81Pd13.24Pt34.90,0.34249562
267,31.34,18.03,15.42,35.2,Ag31.34Au18.03Pd15.42Pt35.20,0.34407598
268,29.4,16.93,16.93,36.75,Ag29.40Au16.93Pd16.93Pt36.75,0.34815252
269,27.17,15.49,19.95,37.4,Ag27.17Au15.49Pd19.95Pt37.40,0.35083118
270,25.67,15.94,22.0,36.39,Ag25.67Au15.94Pd22.00Pt36.39,0.3490893
271,23.71,14.86,24.0,37.43,Ag23.71Au14.86Pd24.00Pt37.43,0.35209072
272,22.27,14.13,27.04,36.56,Ag22.27Au14.13Pd27.04Pt36.56,0.35122043
273,21.15,13.22,29.24,36.39,Ag21.15Au13.22Pd29.24Pt36.39,0.35163832
274,19.18,12.52,32.17,36.13,Ag19.18Au12.52Pd32.17Pt36.13,0.35187608
275,17.7,12.3,34.59,35.41,Ag17.70Au12.30Pd34.59Pt35.41,0.3508625
276,17.58,10.83,37.48,34.1,Ag17.58Au10.83Pd37.48Pt34.10,0.34917775
277,16.14,10.76,40.63,32.47,Ag16.14Au10.76Pd40.63Pt32.47,0.3462432
278,14.9,9.69,43.81,31.6,Ag14.90Au9.69Pd43.81Pt31.60,0.34520286
279,41.12,18.18,7.02,33.68,Ag41.12Au18.18Pd7.02Pt33.68,0.33787373
280,39.69,17.99,7.85,34.46,Ag39.69Au17.99Pd7.85Pt34.46,0.33995426
281,38.41,17.63,8.81,35.15,Ag38.41Au17.63Pd8.81Pt35.15,0.341907
282,36.01,17.37,10.49,36.13,Ag36.01Au17.37Pd10.49Pt36.13,0.34468865
283,35.01,17.01,11.14,36.84,Ag35.01Au17.01Pd11.14Pt36.84,0.34653944
284,33.21,17.22,12.14,37.42,Ag33.21Au17.22Pd12.14Pt37.42,0.34803247
285,31.02,15.94,14.48,38.56,Ag31.02Au15.94Pd14.48Pt38.56,0.35157356
286,28.61,15.72,16.37,39.3,Ag28.61Au15.72Pd16.37Pt39.30,0.35372388
287,28.37,14.33,17.63,39.67,Ag28.37Au14.33Pd17.63Pt39.67,0.35532105
288,26.21,14.48,20.28,39.03,Ag26.21Au14.48Pd20.28Pt39.03,0.35463935
289,24.11,13.15,23.01,39.73,Ag24.11Au13.15Pd23.01Pt39.73,0.35718673
290,22.58,12.42,25.45,39.55,Ag22.58Au12.42Pd25.45Pt39.55,0.35761154
291,20.39,11.97,28.16,39.48,Ag20.39Au11.97Pd28.16Pt39.48,0.35815266
292,19.63,12.08,30.03,38.26,Ag19.63Au12.08Pd30.03Pt38.26,0.35599223
293,18.17,11.01,32.84,37.98,Ag18.17Au11.01Pd32.84Pt37.98,0.35628608
294,17.33,10.17,36.67,35.83,Ag17.33Au10.17Pd36.67Pt35.83,0.3528277
295,15.76,9.19,39.02,36.02,Ag15.76Au9.19Pd39.02Pt36.02,0.3538721
296,40.07,16.12,6.58,37.23,Ag40.07Au16.12Pd6.58Pt37.23,0.34602764
297,38.05,16.67,8.05,37.24,Ag38.05Au16.67Pd8.05Pt37.24,0.3464168
298,36.35,15.72,10.06,37.86,Ag36.35Au15.72Pd10.06Pt37.86,0.34876135
299,34.31,16.05,10.54,39.09,Ag34.31Au16.05Pd10.54Pt39.09,0.3514099
300,31.74,15.41,12.35,40.5,Ag31.74Au15.41Pd12.35Pt40.50,0.3551262
301,31.65,14.23,13.3,40.82,Ag31.65Au14.23Pd13.30Pt40.82,0.35647672
302,29.16,13.98,15.57,41.29,Ag29.16Au13.98Pd15.57Pt41.29,0.35818613
303,27.32,14.07,17.08,41.53,Ag27.32Au14.07Pd17.08Pt41.53,0.3590494
304,25.26,13.52,18.87,42.35,Ag25.26Au13.52Pd18.87Pt42.35,0.3613451
305,24.07,12.26,21.38,42.3,Ag24.07Au12.26Pd21.38Pt42.30,0.36228815
306,23.05,11.45,23.53,41.97,Ag23.05Au11.45Pd23.53Pt41.97,0.36240792
307,20.69,10.5,26.96,41.85,Ag20.69Au10.50Pd26.96Pt41.85,0.3631916
308,19.9,10.11,29.2,40.78,Ag19.90Au10.11Pd29.20Pt40.78,0.36163056
309,17.73,9.04,32.27,40.96,Ag17.73Au9.04Pd32.27Pt40.96,0.36285257
310,16.76,9.68,33.52,40.04,Ag16.76Au9.68Pd33.52Pt40.04,0.36096862
311,37.5,14.64,8.22,39.64,Ag37.50Au14.64Pd8.22Pt39.64,0.35220784
312,37.11,14.09,8.71,40.09,Ag37.11Au14.09Pd8.71Pt40.09,0.35349765
313,33.42,14.36,10.67,41.55,Ag33.42Au14.36Pd10.67Pt41.55,0.35710967
314,32.56,13.72,11.28,42.44,Ag32.56Au13.72Pd11.28Pt42.44,0.35934097
315,30.66,12.89,13.03,43.42,Ag30.66Au12.89Pd13.03Pt43.42,0.3621434
316,29.32,12.33,14.66,43.7,Ag29.32Au12.33Pd14.66Pt43.70,0.36335957
317,27.34,12.13,16.18,44.35,Ag27.34Au12.13Pd16.18Pt44.35,0.3651446
318,25.74,11.61,17.86,44.79,Ag25.74Au11.61Pd17.86Pt44.79,0.3666235
319,24.31,10.55,20.34,44.8,Ag24.31Au10.55Pd20.34Pt44.80,0.36761123
320,22.83,10.77,22.19,44.21,Ag22.83Au10.77Pd22.19Pt44.21,0.36677974
321,20.92,9.88,24.22,44.98,Ag20.92Au9.88Pd24.22Pt44.98,0.36900434
322,19.74,9.22,27.51,43.53,Ag19.74Au9.22Pd27.51Pt43.53,0.36704582
323,18.26,8.33,29.79,43.62,Ag18.26Au8.33Pd29.79Pt43.62,0.36791843
324,35.88,12.88,7.88,43.38,Ag35.88Au12.88Pd7.88Pt43.38,0.36039218
325,33.97,12.26,9.58,44.19,Ag33.97Au12.26Pd9.58Pt44.19,0.3628314
326,32.37,11.58,11.84,44.21,Ag32.37Au11.58Pd11.84Pt44.21,0.36381304
327,29.96,11.65,12.34,46.05,Ag29.96Au11.65Pd12.34Pt46.05,0.36761084
328,28.3,11.44,13.93,46.33,Ag28.30Au11.44Pd13.93Pt46.33,0.3686836
329,27.47,10.34,14.92,47.27,Ag27.47Au10.34Pd14.92Pt47.27,0.37116772
330,25.38,10.24,16.97,47.4,Ag25.38Au10.24Pd16.97Pt47.40,0.3719797
331,24.68,9.65,18.51,47.15,Ag24.68Au9.65Pd18.51Pt47.15,0.37207782
332,22.34,8.59,21.13,47.94,Ag22.34Au8.59Pd21.13Pt47.94,0.37452915
333,20.4,8.94,23.27,47.39,Ag20.40Au8.94Pd23.27Pt47.39,0.373769
334,18.96,7.87,25.22,47.94,Ag18.96Au7.87Pd25.22Pt47.94,0.3755555
335,33.16,10.23,9.97,46.63,Ag33.16Au10.23Pd9.97Pt46.63,0.3685176
336,30.34,10.48,11.59,47.59,Ag30.34Au10.48Pd11.59Pt47.59,0.37081486
337,29.19,10.12,12.28,48.41,Ag29.19Au10.12Pd12.28Pt48.41,0.37273115
338,26.29,9.6,14.03,50.07,Ag26.29Au9.60Pd14.03Pt50.07,0.37656635
339,24.61,8.98,16.72,49.69,Ag24.61Au8.98Pd16.72Pt49.69,0.376722
340,23.53,9.06,17.97,49.44,Ag23.53Au9.06Pd17.97Pt49.44,0.3765064
341,22.05,7.69,19.83,50.43,Ag22.05Au7.69Pd19.83Pt50.43,0.37925327
