Random_seed_42,Random_seed_43,Random_seed_44,Random_seed_45,Random_seed_46,Random_seed_47,Random_seed_48,Random_seed_49,Random_seed_50,Random_seed_51
0.05676470678096283,0.02110969794310052,0.016353128746709068,0.04035681717595903,0.03058482718483845,0.020992810391709152,0.018780880961983284,0.02049594232602724,0.029009801492708577,0.02257877832114791
0.04178489539610124,0.024168293197205006,0.016632150654983698,0.026415637837465526,0.020129830807124237,0.02033309860423816,0.017130733408776997,0.023726020851240398,0.024665250548191464,0.022452035910653277
0.041972159245149215,0.023628665228678614,0.018280437684213408,0.026325465639784138,0.018501594801237503,0.020118007559125045,0.01980746977252514,0.023277294000354005,0.02593676276306482,0.02222588582338713
0.03938796687100959,0.02231667238014475,0.02353309449736452,0.00962086468012949,0.01868215057967617,0.018832865276683767,0.018928814241102404,0.02489157568554738,0.02583718499503297,0.021233580205623895
0.03923978009879979,0.02229791964860384,0.02327812812908744,0.007870427594890872,0.02000191759362689,0.01944263745381453,0.021297991968505705,0.024717342348859892,0.025653405995879834,0.022914008483278316
0.036763837847989374,0.02168530747113191,0.028459169048137393,0.007367556325740965,0.020067481137819084,0.017806667363736338,0.021099365707607447,0.023774621266319174,0.02570905054328297,0.02309852334819788
0.037084196484478145,0.020749471124446313,0.029343270561241794,0.007598799399647723,0.020352189261243735,0.018002635317706094,0.021357484167683707,0.023948643885540175,0.025564163769080446,0.023349627621049092
0.03600963505125991,0.020613220487462402,0.022127602950797146,0.006932248657094288,0.020566816899066816,0.01759205463239417,0.021671711536071003,0.023767546197406342,0.0256324996469306,0.023421222838437658
0.0360082064777702,0.021666290818471264,0.021629363826062953,0.005412934137142609,0.02006217512028704,0.017957988590080295,0.02220719270971131,0.02295243287512816,0.02553156375266688,0.023418658173551085
0.036229128966007905,0.022224719862227543,0.021740656033110067,0.005356705945862221,0.019166422498692208,0.01780492075626949,0.022154922005224113,0.020699933044710263,0.02616626631613413,0.023402778481260315
0.036287341515394395,0.021737176930102062,0.01720305495211825,0.005131583893616055,0.019767145998508855,0.015437877557776222,0.022914227202966295,0.020976091548761275,0.02568091864631473,0.022847878282404515
0.03616019752239499,0.021470957678086846,0.015597812021425256,0.005047956138191796,0.01728116562015779,0.013824590572218,0.02271169304873201,0.018525235323069395,0.02702176602924499,0.022060448288900376
0.03598338724350152,0.018714265982336477,0.010393878543388364,0.005129356624665886,0.017706768176518794,0.010749584233824315,0.015147255031963819,0.01845483912802786,0.027020293032240048,0.02206710686264558
0.03630613836148844,0.014459069559165516,0.010423383478663173,0.005062532416291911,0.01635130202884362,0.010555849457930151,0.013847076303786026,0.01552743727663517,0.026413734215931878,0.021636741819784734
0.036379558994397244,0.014118300442422156,0.01042838368480719,0.004137553057924255,0.012905034657271152,0.010232438267748846,0.014284220863679992,0.010829930498254182,0.02595657234560426,0.02154333544411536
0.03632335318095483,0.013979311813460904,0.010809120541223492,0.004279378347179172,0.012889225174049453,0.009452102394822609,0.011012787636868113,0.009460799662118383,0.026135871104628502,0.021386086027748528
0.03616311322260362,0.011533872975440139,0.01069171986576685,0.004359781127000355,0.01287946361452439,0.00937033981808673,0.010413498584065092,0.008985086433714177,0.02653928551625337,0.02356301948242628
0.03643765689038145,0.010886556465321336,0.011198876672874444,0.004197481054604931,0.012777270147136513,0.009197977327268035,0.010319490137924348,0.009204227356574595,0.026257887699165237,0.02355697961730047
0.03664513515909957,0.010915349543859207,0.008056903612287015,0.004165989782662238,0.011930403167569601,0.008694758664862207,0.009060063354637053,0.008277777442037346,0.026001849177211146,0.023594884942230165
0.03666231513158554,0.0102314550945667,0.007875866275594919,0.004015778948916914,0.011770668708859155,0.008097112428294672,0.008140087493717477,0.007401125752330301,0.02387710229340516,0.023506474696810296
0.0366485558994477,0.007928870640062284,0.00758333372791991,0.004008801615807475,0.008642560114498266,0.007998970935924454,0.007552327731643877,0.007415552554236023,0.023720458171630474,0.02347563399511567
0.03648824697599891,0.007326161268006245,0.006947747658534312,0.0037700791802780477,0.008139775456732659,0.007767705826741439,0.007137717319032879,0.006260814036010834,0.0238441513623672,0.024532322614566494
0.03656988747013221,0.007334337347832658,0.006424427187226509,0.0036007109827809673,0.008032168081519804,0.007822501050911985,0.007076044670401487,0.006264542928286824,0.022038084449144166,0.02442228055870712
0.03653915393976776,0.006918441063231647,0.006184127139481276,0.0034664679453217237,0.006624006919446895,0.007001780330411215,0.006900795899143586,0.006011188053568655,0.022151424442508904,0.02418615657408006
0.036957653508664506,0.006916925636289533,0.006032756768233685,0.0036968127964351434,0.006453513740868212,0.006996107206164071,0.006991206671637532,0.006034042793772044,0.022149398778697524,0.023953850902344042
0.03686361501246089,0.006786098649826483,0.006040643381016693,0.003519213466425954,0.004448613584257722,0.006803629505024995,0.006264442920303726,0.0056680199867004165,0.02214740996641879,0.023878933427803343
0.03686043924297541,0.005983997755532616,0.0061676185491279295,0.0035180147390645533,0.004374256564436852,0.006778820352685043,0.006030968013313302,0.0057674947568677574,0.02197137222402406,0.02361209899577655
0.036898705141488346,0.00563067208033062,0.005870817342922382,0.003402342853832801,0.00428977069187249,0.006555707284243607,0.005679564663985878,0.0055641211120080825,0.021894951126826965,0.02342908235427505
0.037347230358525337,0.00537256248884691,0.005843101663588,0.0033922294948013957,0.004222664797855011,0.006427710927888102,0.005472424394842315,0.005374088486518855,0.02186663411531406,0.02345328180398965
0.03715366750637083,0.005079025168460436,0.005866851956323104,0.0033895917415719757,0.004228637960511262,0.006388052569176014,0.005449664330513315,0.005376284439946875,0.02173507819545433,0.02336903129098685
0.03709528357124751,0.005014772849052419,0.005783141216025963,0.003392130436809154,0.004112730084639471,0.0063660670709244725,0.005458371207925822,0.005158346186634943,0.021713891519757653,0.02377068043463977
0.037142587515459985,0.0048865328816011825,0.005669576695648323,0.0033469921622652703,0.004071355619387685,0.006383661734574218,0.0053006933063769746,0.0051716312093273145,0.021328093668916095,0.023833933589394687
0.0368505410782495,0.005048788275227019,0.005414540191851559,0.003265758433294612,0.004028257080243821,0.006105057708161343,0.005026885983049708,0.0051865652489873045,0.021100853437741197,0.023288100682434736
0.03649366142939074,0.005013289636202227,0.0052433888614435925,0.003120612104471133,0.003953883218092258,0.0060726616324243195,0.005025422300893439,0.005066568180812183,0.021210651205922665,0.02288200437983267
0.03611265767804113,0.004688209993241244,0.005220662519838754,0.0030188026541348324,0.0030903220070015746,0.005795974650745967,0.005108931901370753,0.004768705675139,0.02127660679758095,0.022767596919758163
0.035809932043609854,0.004693875484577543,0.005209677211118829,0.0030379415308808035,0.0030678138948194355,0.005813748932135808,0.005063897875980206,0.00471174855698896,0.020089616646297555,0.022713693943975276
0.035889255654562295,0.004720310556139321,0.0048980334395150515,0.0030378905396415893,0.003002327029160057,0.0057974267450774525,0.004987506008393898,0.004715772641966134,0.01956145336559956,0.0225212291329087
0.035898552772779806,0.0047064548213582675,0.004726912210941181,0.0030825702276401972,0.00293881033394253,0.005787835142793884,0.004718530832690091,0.00440943543218654,0.018697577269285046,0.022437988103730728
0.035933655991910986,0.004660389967529902,0.004181823730259697,0.0030474204973119736,0.0028288802598709743,0.0051759871589137025,0.004638551344028717,0.0044000254448247145,0.018696573119207516,0.02247470464582083
0.0355464706149021,0.004638662893336479,0.004112555115836604,0.003011366033289288,0.0026821840625667454,0.005148538101965013,0.004569344361082972,0.004406073509935554,0.018688660981498427,0.022382009263410368
0.03515155240601075,0.004529792452224537,0.004021332732752218,0.0029847353987084726,0.0026166941034016446,0.004851958055190014,0.00429842705508172,0.004401363411315647,0.018573044216661394,0.022385342026324702
0.0348886914439841,0.004447924000203842,0.004026333310310016,0.0028414061406266426,0.002613222866036099,0.004574062010628219,0.004257373648944557,0.004261398489362589,0.018562403861515246,0.02237886351888823
0.034908143735733685,0.004443639336765324,0.003985896686437785,0.0028428899088533094,0.0025391184366635915,0.0044984396334618905,0.004270505037333695,0.004226458354658974,0.01844030014351731,0.022377170727562817
0.03473914225852424,0.00454026692689406,0.0040148400231281,0.002600446102275544,0.002544955251778507,0.0045034390595008935,0.004205688557952292,0.004228988095538736,0.018276353000951286,0.022478990873932122
0.03467538328422828,0.0045312518642873535,0.003996431599657428,0.0025960943051555993,0.0025311945397807453,0.004333185871255157,0.004020212183378009,0.004246939548159979,0.018242867672943433,0.022344457544297588
0.03469914837402723,0.004474603538296768,0.003903948970648426,0.0025924803292350835,0.002509460515740533,0.004320977832453708,0.0040633441348106765,0.004251467139855286,0.017864043799080985,0.022316367282584147
0.034706300367060676,0.004480603686697873,0.0038036357391854265,0.0025799811725999793,0.002486862575865448,0.004317291261811421,0.004055799644151526,0.004198104885349921,0.017729516542184524,0.021443751758969013
0.034633828182204424,0.003956013733004016,0.003686351196401988,0.0025878985613725764,0.002482548448033905,0.004301893361371549,0.004049196387990453,0.004106088571706436,0.017736418095369244,0.02117081371010875
0.03462705104239429,0.0037764973533880347,0.0036665578914233886,0.0025953315602340226,0.002470942439788101,0.004174382648955423,0.0040105159263855265,0.003928540889032272,0.017588795400920978,0.021111625398466494
0.034559428518453464,,0.003666096943446978,0.0025861376958389273,0.0024637311498282304,0.004149749070425727,0.0038181887618674083,0.0039062412316071215,0.01756235765197185,0.021103731881371626
0.03469350865149074,,,0.0025488626477118033,0.002411282360232856,0.0040035970440520765,,0.003840134356737887,0.017502528192674876,0.021024482381401036
0.03382416475202442,,,,0.0024118532413468655,0.004005642833542702,,0.003838430648454519,0.017305999334647368,0.020832703449739885
0.03362853353387244,,,,0.002398379832348974,0.003964391892283105,,0.003806495777876898,0.017242229281434953,0.020794316544837054
0.03359916100299089,,,,0.0023826384635083123,0.003941179327495792,,0.003796395237093863,0.01677883426837543,0.020760412893557643
0.03355898877914272,,,,0.0023870277880216934,0.003912123399848154,,0.00375081675519498,0.0165412242228035,0.019860409805812024
0.03284483252193362,,,,0.002348313853890571,0.0037480204485955083,,,0.01642684028979766,0.019838128498228767
0.03274902004140712,,,,0.002344998214454118,0.003719579561999322,,,0.01641012462492854,0.019686164544654074
0.032639063552186764,,,,0.0022862731492471564,0.003674408135963987,,,0.016371940678479184,0.019685522018033988
0.03269856050303456,,,,0.0022748261619528185,0.003676226061501418,,,0.016200913240602403,0.01943121034169309
0.032698409348946376,,,,0.0022653060261480966,0.0036566233825315536,,,0.016209426658536256,0.019394105175244796
0.03249863963199939,,,,0.0022662089855043153,0.0036483521744443835,,,0.01619939420439859,0.01938420092910301
0.03261616789050804,,,,0.002263588165704629,0.0036042714539005465,,,0.0159760378640511,0.01935392704768569
0.03263018081032137,,,,0.0021660096489951224,0.0035598482771649655,,,0.015887342294339725,0.019342306209742633
0.03215020477253868,,,,0.00216149078914436,0.0034398917492209115,,,0.015882113677389904,0.018864073804904725
0.032141478270362935,,,,0.0021506957741866937,0.003324264950668823,,,0.015749795791969255,0.018820771564285754
0.032145447360497785,,,,0.002148019479166159,,,,0.015706116401978148,0.018836868352332083
0.03161356451506963,,,,,,,,0.01575005569884685,0.01882934911015894
0.03156027716618062,,,,,,,,0.015659496492433637,0.01847661295374173
0.03155261569551947,,,,,,,,0.01561915779374374,0.018380785226057097
0.031704632839986945,,,,,,,,0.015608881067403244,0.018376596829619694
0.03170199021281566,,,,,,,,0.015605280081045612,0.01835779630062542
0.03152978892323153,,,,,,,,0.015604503932793664,0.018230654710575868
0.03133554561946656,,,,,,,,0.0156091750890877,0.018230571970934962
0.03118492184790333,,,,,,,,0.015601498067408173,0.01810819536494747
0.031176774310226293,,,,,,,,0.015523018400603765,0.018053029608752765
0.031168890384445223,,,,,,,,0.015024520563469623,0.018047449143015017
0.031184509612356956,,,,,,,,0.014973790564009737,0.018007803389834362
0.03091081412132065,,,,,,,,0.014900858138066606,0.01792950017057713
0.030921408188152987,,,,,,,,0.014886086740514516,0.01787860335722211
0.030893542479152575,,,,,,,,0.014806446052517472,0.01772712447984374
0.030833646832835293,,,,,,,,0.014850099718119944,0.01771299586400722
0.030730655076246453,,,,,,,,0.0148407546257803,0.017464036424073036
0.03073411170354379,,,,,,,,0.014832855477970162,0.017447968286742454
0.030786870617728508,,,,,,,,0.014773453121857346,0.017440778087779114
0.030645321692926508,,,,,,,,0.014771009593795464,0.01739718222221228
0.030645009189161212,,,,,,,,0.014768977185955384,0.01702546116852366
0.030506243957695054,,,,,,,,0.014696960298011963,0.017029690659017903
0.030496002691741988,,,,,,,,0.014513470125578617,0.01575561722397733
0.030217215807432887,,,,,,,,0.014520649379048062,0.01576578469833274
0.030143559707043733,,,,,,,,0.01449096818627004,0.01572859971081569
0.030088715793004383,,,,,,,,0.014484590111467466,0.01572686420500319
0.03004924427711956,,,,,,,,0.015162435585036285,0.015668246869714072
0.029896079673539168,,,,,,,,0.015078870922967254,0.015624768693159792
0.02988969147728312,,,,,,,,0.014965132535987646,0.01561274229533725
0.029876108355465728,,,,,,,,0.014760859485036745,0.015610374521713577
0.029981711564831138,,,,,,,,0.01476384355567215,0.015566828953731987
0.02983526288200037,,,,,,,,0.014762589446588419,0.015577749718027216
0.029647908957560958,,,,,,,,0.01475509921069219,0.015466102563924475
0.0292954263281859,,,,,,,,0.014711494639064425,0.015415443734237278
0.029296776033370324,,,,,,,,0.01459876257690807,0.015412025177288884
0.029033555874811132,,,,,,,,0.01458854871491925,0.015137188352897823
